dat_iniciosemana;dat_fimsemana;nom_usina;val_cvu
30/12/2023;05/01/2024;JARAQUI;0.00
30/12/2023;05/01/2024;TAMBAQUI;0.00
30/12/2023;05/01/2024;MANAUARA;0.00
30/12/2023;05/01/2024;C. ROCHA;0.00
30/12/2023;05/01/2024;PONTA NEGR;0.00
30/12/2023;05/01/2024;UTE MAUA 3;90.53
30/12/2023;05/01/2024;APARECIDA;90.53
30/12/2023;05/01/2024;MARANHAO3;105.87
30/12/2023;05/01/2024;PARNAIB_IV;151.69
30/12/2023;05/01/2024;MARANHAO V;160.27
30/12/2023;05/01/2024;MARANHAOIV;160.27
30/12/2023;05/01/2024;PARNAIBA_V;196.74
30/12/2023;05/01/2024;N.VENECIA2;286.88
30/12/2023;05/01/2024;P. ITAQUI;344.68
30/12/2023;05/01/2024;GERAMAR1;1020.40
30/12/2023;05/01/2024;GERAMAR2;1020.40
30/12/2023;05/01/2024;ERB CANDEI;108.45
30/12/2023;05/01/2024;PROSPERIDA;204.55
30/12/2023;05/01/2024;PROSP_III;208.41
30/12/2023;05/01/2024;TERMOPE;233.52
30/12/2023;05/01/2024;PSERGIPE I;344.73
30/12/2023;05/01/2024;P.PECEM1;346.06
30/12/2023;05/01/2024;P.PECEM2;352.39
30/12/2023;05/01/2024;PROSP_II;371.90
30/12/2023;05/01/2024;JS_PEREIRA;450.86
30/12/2023;05/01/2024;SYKUE I;510.12
30/12/2023;05/01/2024;TERMOCEARA;567.83
30/12/2023;05/01/2024;C.FURTADO;778.11
30/12/2023;05/01/2024;PERNAMBU_3;876.41
30/12/2023;05/01/2024;MURICY;989.46
30/12/2023;05/01/2024;BAHIA_1;989.66
30/12/2023;05/01/2024;AREMBEPE;989.96
30/12/2023;05/01/2024;MARACANAU;990.46
30/12/2023;05/01/2024;TERMOCABO;1008.00
30/12/2023;05/01/2024;TERMONE;1013.19
30/12/2023;05/01/2024;TERMOPB;1013.19
30/12/2023;05/01/2024;CAMPINA_GR;1020.44
30/12/2023;05/01/2024;SUAPE II;1038.29
30/12/2023;05/01/2024;GLOBAL I;1156.69
30/12/2023;05/01/2024;GLOBAL II;1156.69
30/12/2023;05/01/2024;PETROLINA;1888.33
30/12/2023;05/01/2024;POTIGUAR_3;2313.25
30/12/2023;05/01/2024;POTIGUAR;2313.27
30/12/2023;05/01/2024;TERMOMANAU;2752.20
30/12/2023;05/01/2024;PAU FERRO;2752.20
30/12/2023;05/01/2024;URUGUAIANA;0.00
30/12/2023;05/01/2024;PAMPA SUL;86.15
30/12/2023;05/01/2024;CANDIOTA_3;108.24
30/12/2023;05/01/2024;SAO SEPE;108.38
30/12/2023;05/01/2024;J.LACER. C;311.53
30/12/2023;05/01/2024;FIGUEIRA;330.64
30/12/2023;05/01/2024;J.LACER. B;362.67
30/12/2023;05/01/2024;J.LAC. A2;372.62
30/12/2023;05/01/2024;MADEIRA;387.30
30/12/2023;05/01/2024;J.LAC. A1;434.59
30/12/2023;05/01/2024;B.BONITA I;742.99
30/12/2023;05/01/2024;S.TIARAJU;1221.27
30/12/2023;05/01/2024;ARAUCARIA;2305.34
30/12/2023;05/01/2024;ATLAN_CSA;0.00
30/12/2023;05/01/2024;GOIANIA 2;0.00
30/12/2023;05/01/2024;CUIABA CC;0.00
30/12/2023;05/01/2024;W.ARJONA O;0.00
30/12/2023;05/01/2024;DAIA;0.00
30/12/2023;05/01/2024;ANGRA 2;20.12
30/12/2023;05/01/2024;ANGRA 1;31.17
30/12/2023;05/01/2024;NORTEFLU 1;101.20
30/12/2023;05/01/2024;NORTEFLU 2;118.40
30/12/2023;05/01/2024;O.PINTADA;138.91
30/12/2023;05/01/2024;UTE STA VI;150.06
30/12/2023;05/01/2024;M.AZUL;152.79
30/12/2023;05/01/2024;BAIXADA FL;168.73
30/12/2023;05/01/2024;SANTA CRUZ;171.87
30/12/2023;05/01/2024;NORTEFLU 3;225.44
30/12/2023;05/01/2024;ATLANTICO;240.71
30/12/2023;05/01/2024;LUIZORMELO;256.08
30/12/2023;05/01/2024;ST.CRUZ 34;310.41
30/12/2023;05/01/2024;UTE GNA I;323.62
30/12/2023;05/01/2024;TERMORIO;389.17
30/12/2023;05/01/2024;CUBATAO;417.74
30/12/2023;05/01/2024;PIRAT.12 O;470.34
30/12/2023;05/01/2024;NORTEFLU 4;677.30
30/12/2023;05/01/2024;AUR.CHAVES;744.34
30/12/2023;05/01/2024;TRES LAGOA;858.41
30/12/2023;05/01/2024;M.LAGO;909.05
30/12/2023;05/01/2024;FGASPARIAN;957.44
30/12/2023;05/01/2024;KARKEY 013;1010.63
30/12/2023;05/01/2024;KARKEY 019;1010.63
30/12/2023;05/01/2024;VIANA;1020.43
30/12/2023;05/01/2024;SEROPEDICA;1040.72
30/12/2023;05/01/2024;JUIZ DE FO;1067.95
30/12/2023;05/01/2024;PORSUD II;1157.28
30/12/2023;05/01/2024;PORSUD I;1161.33
30/12/2023;05/01/2024;W.ARJONA;1413.22
30/12/2023;05/01/2024;MPPAULINIA;1440.32
30/12/2023;05/01/2024;LORM_PCS;1483.65
30/12/2023;05/01/2024;VIANA I;1483.65
30/12/2023;05/01/2024;POVOACAO I;1483.65
30/12/2023;05/01/2024;PALMEIR_GO;1729.19
30/12/2023;05/01/2024;TNORTE 2;2997.89
30/12/2023;05/01/2024;XAVANTES;3681.59
06/01/2024;12/01/2024;C. ROCHA;0.00
06/01/2024;12/01/2024;TAMBAQUI;0.00
06/01/2024;12/01/2024;JARAQUI;0.00
06/01/2024;12/01/2024;MANAUARA;0.00
06/01/2024;12/01/2024;PONTA NEGR;0.00
06/01/2024;12/01/2024;APARECIDA;90.53
06/01/2024;12/01/2024;UTE MAUA 3;90.53
06/01/2024;12/01/2024;MARANHAO3;105.87
06/01/2024;12/01/2024;PARNAIB_IV;151.69
06/01/2024;12/01/2024;MARANHAO V;160.27
06/01/2024;12/01/2024;MARANHAOIV;160.27
06/01/2024;12/01/2024;PARNAIBA_V;196.74
06/01/2024;12/01/2024;N.VENECIA2;286.88
06/01/2024;12/01/2024;P. ITAQUI;344.68
06/01/2024;12/01/2024;GERAMAR1;1020.40
06/01/2024;12/01/2024;GERAMAR2;1020.40
06/01/2024;12/01/2024;POTIGUAR;0.00
06/01/2024;12/01/2024;PETROLINA;0.00
06/01/2024;12/01/2024;POTIGUAR_3;0.00
06/01/2024;12/01/2024;ERB CANDEI;108.45
06/01/2024;12/01/2024;PROSPERIDA;204.55
06/01/2024;12/01/2024;PROSP_III;208.41
06/01/2024;12/01/2024;TERMOPE;233.52
06/01/2024;12/01/2024;PSERGIPE I;344.73
06/01/2024;12/01/2024;P.PECEM1;346.06
06/01/2024;12/01/2024;P.PECEM2;352.39
06/01/2024;12/01/2024;PROSP_II;371.90
06/01/2024;12/01/2024;JS_PEREIRA;450.86
06/01/2024;12/01/2024;SYKUE I;510.12
06/01/2024;12/01/2024;TERMOCEARA;567.83
06/01/2024;12/01/2024;C.FURTADO;778.11
06/01/2024;12/01/2024;PERNAMBU_3;876.41
06/01/2024;12/01/2024;MARACANAU;990.46
06/01/2024;12/01/2024;TERMOCABO;1008.00
06/01/2024;12/01/2024;TERMONE;1013.19
06/01/2024;12/01/2024;TERMOPB;1013.19
06/01/2024;12/01/2024;CAMPINA_GR;1020.44
06/01/2024;12/01/2024;SUAPE II;1038.29
06/01/2024;12/01/2024;GLOBAL I;1156.69
06/01/2024;12/01/2024;GLOBAL II;1156.69
06/01/2024;12/01/2024;BAHIA_1;1436.65
06/01/2024;12/01/2024;URUGUAIANA;0.00
06/01/2024;12/01/2024;MADEIRA;0.00
06/01/2024;12/01/2024;PAMPA SUL;86.15
06/01/2024;12/01/2024;CANDIOTA_3;108.24
06/01/2024;12/01/2024;SAO SEPE;108.38
06/01/2024;12/01/2024;J.LACER. C;311.53
06/01/2024;12/01/2024;FIGUEIRA;330.64
06/01/2024;12/01/2024;J.LACER. B;362.67
06/01/2024;12/01/2024;J.LAC. A2;372.62
06/01/2024;12/01/2024;J.LAC. A1;434.59
06/01/2024;12/01/2024;B.BONITA I;742.99
06/01/2024;12/01/2024;S.TIARAJU;1221.27
06/01/2024;12/01/2024;ARAUCARIA;2305.34
06/01/2024;12/01/2024;ATLAN_CSA;0.00
06/01/2024;12/01/2024;DAIA;0.00
06/01/2024;12/01/2024;XAVANTES;0.00
06/01/2024;12/01/2024;W.ARJONA O;0.00
06/01/2024;12/01/2024;CUIABA CC;0.00
06/01/2024;12/01/2024;ANGRA 2;20.12
06/01/2024;12/01/2024;ANGRA 1;31.17
06/01/2024;12/01/2024;NORTEFLU 1;101.20
06/01/2024;12/01/2024;NORTEFLU 2;118.40
06/01/2024;12/01/2024;O.PINTADA;138.91
06/01/2024;12/01/2024;UTE STA VI;150.06
06/01/2024;12/01/2024;M.AZUL;152.79
06/01/2024;12/01/2024;BAIXADA FL;168.73
06/01/2024;12/01/2024;SANTA CRUZ;171.87
06/01/2024;12/01/2024;NORTEFLU 3;225.44
06/01/2024;12/01/2024;ATLANTICO;240.71
06/01/2024;12/01/2024;LUIZORMELO;256.08
06/01/2024;12/01/2024;ST.CRUZ 34;310.41
06/01/2024;12/01/2024;UTE GNA I;323.62
06/01/2024;12/01/2024;TERMORIO;389.17
06/01/2024;12/01/2024;CUBATAO;417.74
06/01/2024;12/01/2024;PIRAT.12 O;470.34
06/01/2024;12/01/2024;NORTEFLU 4;677.30
06/01/2024;12/01/2024;AUR.CHAVES;744.34
06/01/2024;12/01/2024;TRES LAGOA;858.41
06/01/2024;12/01/2024;M.LAGO;909.05
06/01/2024;12/01/2024;FGASPARIAN;957.44
06/01/2024;12/01/2024;KARKEY 019;1010.63
06/01/2024;12/01/2024;KARKEY 013;1010.63
06/01/2024;12/01/2024;VIANA;1020.43
06/01/2024;12/01/2024;SEROPEDICA;1040.72
06/01/2024;12/01/2024;JUIZ DE FO;1067.95
06/01/2024;12/01/2024;PORSUD II;1157.28
06/01/2024;12/01/2024;PORSUD I;1161.33
06/01/2024;12/01/2024;W.ARJONA;1413.22
06/01/2024;12/01/2024;MPPAULINIA;1440.32
06/01/2024;12/01/2024;VIANA I;1483.65
06/01/2024;12/01/2024;LORM_PCS;1483.65
06/01/2024;12/01/2024;POVOACAO I;1483.65
06/01/2024;12/01/2024;PALMEIR_GO;1729.19
06/01/2024;12/01/2024;TNORTE 2;2997.89
13/01/2024;19/01/2024;C. ROCHA;0.00
13/01/2024;19/01/2024;JARAQUI;0.00
13/01/2024;19/01/2024;MANAUARA;0.00
13/01/2024;19/01/2024;TAMBAQUI;0.00
13/01/2024;19/01/2024;PONTA NEGR;0.00
13/01/2024;19/01/2024;UTE MAUA 3;88.60
13/01/2024;19/01/2024;APARECIDA;88.60
13/01/2024;19/01/2024;MARANHAO3;105.87
13/01/2024;19/01/2024;PARNAIB_IV;151.69
13/01/2024;19/01/2024;MARANHAOIV;155.67
13/01/2024;19/01/2024;MARANHAO V;155.67
13/01/2024;19/01/2024;PARNAIBA_V;196.70
13/01/2024;19/01/2024;N.VENECIA2;286.88
13/01/2024;19/01/2024;P. ITAQUI;332.36
13/01/2024;19/01/2024;GERAMAR1;1012.53
13/01/2024;19/01/2024;GERAMAR2;1012.53
13/01/2024;19/01/2024;PETROLINA;0.00
13/01/2024;19/01/2024;POTIGUAR;0.00
13/01/2024;19/01/2024;POTIGUAR_3;0.00
13/01/2024;19/01/2024;ERB CANDEI;108.45
13/01/2024;19/01/2024;PROSPERIDA;204.55
13/01/2024;19/01/2024;PROSP_III;208.41
13/01/2024;19/01/2024;TERMOPE;233.52
13/01/2024;19/01/2024;PROSP_II;306.41
13/01/2024;19/01/2024;PSERGIPE I;325.58
13/01/2024;19/01/2024;P.PECEM1;332.98
13/01/2024;19/01/2024;P.PECEM2;340.01
13/01/2024;19/01/2024;JS_PEREIRA;450.86
13/01/2024;19/01/2024;SYKUE I;510.12
13/01/2024;19/01/2024;TERMOCEARA;567.83
13/01/2024;19/01/2024;C.FURTADO;690.71
13/01/2024;19/01/2024;PERNAMBU_3;869.41
13/01/2024;19/01/2024;MARACANAU;982.67
13/01/2024;19/01/2024;TERMOCABO;1000.23
13/01/2024;19/01/2024;TERMOPB;1005.48
13/01/2024;19/01/2024;TERMONE;1005.48
13/01/2024;19/01/2024;CAMPINA_GR;1012.57
13/01/2024;19/01/2024;SUAPE II;1029.93
13/01/2024;19/01/2024;GLOBAL I;1147.81
13/01/2024;19/01/2024;GLOBAL II;1147.81
13/01/2024;19/01/2024;BAHIA_1;1436.65
13/01/2024;19/01/2024;MADEIRA;0.00
13/01/2024;19/01/2024;URUGUAIANA;0.00
13/01/2024;19/01/2024;PAMPA SUL;86.15
13/01/2024;19/01/2024;CANDIOTA_3;108.24
13/01/2024;19/01/2024;SAO SEPE;108.38
13/01/2024;19/01/2024;J.LACER. C;311.53
13/01/2024;19/01/2024;FIGUEIRA;330.64
13/01/2024;19/01/2024;J.LACER. B;362.67
13/01/2024;19/01/2024;J.LAC. A2;372.62
13/01/2024;19/01/2024;J.LAC. A1;434.59
13/01/2024;19/01/2024;B.BONITA I;742.99
13/01/2024;19/01/2024;S.TIARAJU;1234.63
13/01/2024;19/01/2024;ARAUCARIA;2305.34
13/01/2024;19/01/2024;ATLAN_CSA;0.00
13/01/2024;19/01/2024;DAIA;0.00
13/01/2024;19/01/2024;XAVANTES;0.00
13/01/2024;19/01/2024;CUIABA CC;0.00
13/01/2024;19/01/2024;W.ARJONA O;0.00
13/01/2024;19/01/2024;ANGRA 2;20.12
13/01/2024;19/01/2024;ANGRA 1;31.17
13/01/2024;19/01/2024;NORTEFLU 1;101.20
13/01/2024;19/01/2024;NORTEFLU 2;118.40
13/01/2024;19/01/2024;O.PINTADA;138.91
13/01/2024;19/01/2024;M.AZUL;143.08
13/01/2024;19/01/2024;UTE STA VI;150.06
13/01/2024;19/01/2024;BAIXADA FL;163.68
13/01/2024;19/01/2024;SANTA CRUZ;166.77
13/01/2024;19/01/2024;NORTEFLU 3;225.44
13/01/2024;19/01/2024;ATLANTICO;240.71
13/01/2024;19/01/2024;LUIZORMELO;247.95
13/01/2024;19/01/2024;ST.CRUZ 34;310.41
13/01/2024;19/01/2024;UTE GNA I;313.42
13/01/2024;19/01/2024;TERMORIO;389.17
13/01/2024;19/01/2024;CUBATAO;417.74
13/01/2024;19/01/2024;PIRAT.12 O;470.34
13/01/2024;19/01/2024;AUR.CHAVES;644.64
13/01/2024;19/01/2024;NORTEFLU 4;677.30
13/01/2024;19/01/2024;TRES LAGOA;736.89
13/01/2024;19/01/2024;KARKEY 013;816.51
13/01/2024;19/01/2024;KARKEY 019;816.51
13/01/2024;19/01/2024;FGASPARIAN;842.50
13/01/2024;19/01/2024;SEROPEDICA;898.70
13/01/2024;19/01/2024;M.LAGO;909.05
13/01/2024;19/01/2024;JUIZ DE FO;929.10
13/01/2024;19/01/2024;PORSUD II;946.08
13/01/2024;19/01/2024;PORSUD I;947.36
13/01/2024;19/01/2024;VIANA;1012.55
13/01/2024;19/01/2024;MPPAULINIA;1160.17
13/01/2024;19/01/2024;VIANA I;1185.37
13/01/2024;19/01/2024;LORM_PCS;1185.37
13/01/2024;19/01/2024;POVOACAO I;1185.37
13/01/2024;19/01/2024;W.ARJONA;1413.22
13/01/2024;19/01/2024;PALMEIR_GO;1729.19
13/01/2024;19/01/2024;TNORTE 2;2997.89
20/01/2024;26/01/2024;C. ROCHA;0.00
20/01/2024;26/01/2024;PONTA NEGR;0.00
20/01/2024;26/01/2024;TAMBAQUI;0.00
20/01/2024;26/01/2024;MANAUARA;0.00
20/01/2024;26/01/2024;JARAQUI;0.00
20/01/2024;26/01/2024;APARECIDA;88.60
20/01/2024;26/01/2024;UTE MAUA 3;88.60
20/01/2024;26/01/2024;MARANHAO3;105.87
20/01/2024;26/01/2024;PARNAIB_IV;151.69
20/01/2024;26/01/2024;MARANHAOIV;155.67
20/01/2024;26/01/2024;MARANHAO V;155.67
20/01/2024;26/01/2024;PARNAIBA_V;196.70
20/01/2024;26/01/2024;N.VENECIA2;286.88
20/01/2024;26/01/2024;P. ITAQUI;332.36
20/01/2024;26/01/2024;GERAMAR1;1012.53
20/01/2024;26/01/2024;GERAMAR2;1012.53
20/01/2024;26/01/2024;POTIGUAR_3;0.00
20/01/2024;26/01/2024;POTIGUAR;0.00
20/01/2024;26/01/2024;PETROLINA;0.00
20/01/2024;26/01/2024;ERB CANDEI;108.45
20/01/2024;26/01/2024;PROSPERIDA;204.55
20/01/2024;26/01/2024;PROSP_III;208.41
20/01/2024;26/01/2024;TERMOPE;233.52
20/01/2024;26/01/2024;PROSP_II;306.41
20/01/2024;26/01/2024;PSERGIPE I;325.58
20/01/2024;26/01/2024;P.PECEM1;332.98
20/01/2024;26/01/2024;P.PECEM2;340.01
20/01/2024;26/01/2024;JS_PEREIRA;450.86
20/01/2024;26/01/2024;SYKUE I;510.12
20/01/2024;26/01/2024;TERMOCEARA;567.83
20/01/2024;26/01/2024;C.FURTADO;690.71
20/01/2024;26/01/2024;PERNAMBU_3;869.41
20/01/2024;26/01/2024;MARACANAU;982.67
20/01/2024;26/01/2024;TERMOCABO;1000.23
20/01/2024;26/01/2024;TERMOPB;1005.48
20/01/2024;26/01/2024;TERMONE;1005.48
20/01/2024;26/01/2024;CAMPINA_GR;1012.57
20/01/2024;26/01/2024;SUAPE II;1029.93
20/01/2024;26/01/2024;GLOBAL II;1147.81
20/01/2024;26/01/2024;GLOBAL I;1147.81
20/01/2024;26/01/2024;BAHIA_1;1436.65
20/01/2024;26/01/2024;URUGUAIANA;0.00
20/01/2024;26/01/2024;MADEIRA;0.00
20/01/2024;26/01/2024;PAMPA SUL;86.15
20/01/2024;26/01/2024;CANDIOTA_3;108.24
20/01/2024;26/01/2024;SAO SEPE;108.38
20/01/2024;26/01/2024;J.LACER. C;311.53
20/01/2024;26/01/2024;FIGUEIRA;330.64
20/01/2024;26/01/2024;J.LACER. B;362.67
20/01/2024;26/01/2024;J.LAC. A2;372.62
20/01/2024;26/01/2024;J.LAC. A1;434.59
20/01/2024;26/01/2024;B.BONITA I;742.99
20/01/2024;26/01/2024;S.TIARAJU;1234.63
20/01/2024;26/01/2024;ARAUCARIA;2305.34
20/01/2024;26/01/2024;ATLAN_CSA;0.00
20/01/2024;26/01/2024;DAIA;0.00
20/01/2024;26/01/2024;W.ARJONA O;0.00
20/01/2024;26/01/2024;XAVANTES;0.00
20/01/2024;26/01/2024;CUIABA CC;0.00
20/01/2024;26/01/2024;ANGRA 2;20.12
20/01/2024;26/01/2024;ANGRA 1;31.17
20/01/2024;26/01/2024;NORTEFLU 1;99.47
20/01/2024;26/01/2024;NORTEFLU 2;116.49
20/01/2024;26/01/2024;O.PINTADA;138.91
20/01/2024;26/01/2024;M.AZUL;143.08
20/01/2024;26/01/2024;UTE STA VI;150.06
20/01/2024;26/01/2024;BAIXADA FL;163.68
20/01/2024;26/01/2024;SANTA CRUZ;166.77
20/01/2024;26/01/2024;NORTEFLU 3;222.02
20/01/2024;26/01/2024;ATLANTICO;240.71
20/01/2024;26/01/2024;LUIZORMELO;247.95
20/01/2024;26/01/2024;ST.CRUZ 34;310.41
20/01/2024;26/01/2024;UTE GNA I;313.42
20/01/2024;26/01/2024;TERMORIO;389.17
20/01/2024;26/01/2024;CUBATAO;417.74
20/01/2024;26/01/2024;PIRAT.12 O;470.34
20/01/2024;26/01/2024;NORTEFLU 4;641.91
20/01/2024;26/01/2024;AUR.CHAVES;644.64
20/01/2024;26/01/2024;TRES LAGOA;736.89
20/01/2024;26/01/2024;KARKEY 019;816.51
20/01/2024;26/01/2024;KARKEY 013;816.51
20/01/2024;26/01/2024;FGASPARIAN;842.50
20/01/2024;26/01/2024;SEROPEDICA;898.70
20/01/2024;26/01/2024;M.LAGO;909.05
20/01/2024;26/01/2024;JUIZ DE FO;929.10
20/01/2024;26/01/2024;PORSUD II;946.08
20/01/2024;26/01/2024;PORSUD I;947.36
20/01/2024;26/01/2024;VIANA;1012.55
20/01/2024;26/01/2024;MPPAULINIA;1160.17
20/01/2024;26/01/2024;LORM_PCS;1185.37
20/01/2024;26/01/2024;VIANA I;1185.37
20/01/2024;26/01/2024;POVOACAO I;1185.37
20/01/2024;26/01/2024;W.ARJONA;1413.22
20/01/2024;26/01/2024;PALMEIR_GO;1729.19
20/01/2024;26/01/2024;TNORTE 2;2997.89
27/01/2024;02/02/2024;C. ROCHA;0.00
27/01/2024;02/02/2024;TAMBAQUI;0.00
27/01/2024;02/02/2024;JARAQUI;0.00
27/01/2024;02/02/2024;MANAUARA;0.00
27/01/2024;02/02/2024;PONTA NEGR;0.00
27/01/2024;02/02/2024;APARECIDA;88.60
27/01/2024;02/02/2024;UTE MAUA 3;88.60
27/01/2024;02/02/2024;MARANHAO3;105.87
27/01/2024;02/02/2024;PARNAIB_IV;151.69
27/01/2024;02/02/2024;MARANHAOIV;155.67
27/01/2024;02/02/2024;MARANHAO V;155.67
27/01/2024;02/02/2024;PARNAIBA_V;196.70
27/01/2024;02/02/2024;N.VENECIA2;286.88
27/01/2024;02/02/2024;P. ITAQUI;332.36
27/01/2024;02/02/2024;GERAMAR1;1012.53
27/01/2024;02/02/2024;GERAMAR2;1012.53
27/01/2024;02/02/2024;POTIGUAR_3;0.00
27/01/2024;02/02/2024;POTIGUAR;0.00
27/01/2024;02/02/2024;PETROLINA;0.00
27/01/2024;02/02/2024;ERB CANDEI;108.45
27/01/2024;02/02/2024;PROSPERIDA;204.55
27/01/2024;02/02/2024;PROSP_III;208.41
27/01/2024;02/02/2024;TERMOPE;218.54
27/01/2024;02/02/2024;PROSP_II;306.41
27/01/2024;02/02/2024;PSERGIPE I;325.58
27/01/2024;02/02/2024;P.PECEM1;332.98
27/01/2024;02/02/2024;P.PECEM2;340.01
27/01/2024;02/02/2024;JS_PEREIRA;450.86
27/01/2024;02/02/2024;SYKUE I;510.12
27/01/2024;02/02/2024;TERMOCEARA;560.34
27/01/2024;02/02/2024;C.FURTADO;690.71
27/01/2024;02/02/2024;PERNAMBU_3;869.41
27/01/2024;02/02/2024;MARACANAU;982.67
27/01/2024;02/02/2024;TERMOCABO;1000.23
27/01/2024;02/02/2024;TERMOPB;1005.48
27/01/2024;02/02/2024;TERMONE;1005.48
27/01/2024;02/02/2024;CAMPINA_GR;1012.57
27/01/2024;02/02/2024;SUAPE II;1029.93
27/01/2024;02/02/2024;GLOBAL II;1147.81
27/01/2024;02/02/2024;GLOBAL I;1147.81
27/01/2024;02/02/2024;BAHIA_1;1436.65
27/01/2024;02/02/2024;URUGUAIANA;0.00
27/01/2024;02/02/2024;PAMPA SUL;86.15
27/01/2024;02/02/2024;CANDIOTA_3;108.24
27/01/2024;02/02/2024;SAO SEPE;108.38
27/01/2024;02/02/2024;J.LACER. C;311.53
27/01/2024;02/02/2024;FIGUEIRA;330.64
27/01/2024;02/02/2024;J.LACER. B;362.67
27/01/2024;02/02/2024;J.LAC. A2;372.62
27/01/2024;02/02/2024;J.LAC. A1;434.59
27/01/2024;02/02/2024;B.BONITA I;708.84
27/01/2024;02/02/2024;S.TIARAJU;1234.63
27/01/2024;02/02/2024;ARAUCARIA;2305.34
27/01/2024;02/02/2024;ATLAN_CSA;0.00
27/01/2024;02/02/2024;CUIABA CC;0.00
27/01/2024;02/02/2024;W.ARJONA O;0.00
27/01/2024;02/02/2024;DAIA;0.00
27/01/2024;02/02/2024;XAVANTES;0.00
27/01/2024;02/02/2024;ANGRA 2;20.12
27/01/2024;02/02/2024;ANGRA 1;31.17
27/01/2024;02/02/2024;NORTEFLU 1;99.47
27/01/2024;02/02/2024;NORTEFLU 2;116.49
27/01/2024;02/02/2024;O.PINTADA;138.91
27/01/2024;02/02/2024;M.AZUL;143.08
27/01/2024;02/02/2024;UTE STA VI;150.06
27/01/2024;02/02/2024;BAIXADA FL;163.68
27/01/2024;02/02/2024;SANTA CRUZ;166.77
27/01/2024;02/02/2024;NORTEFLU 3;222.02
27/01/2024;02/02/2024;ATLANTICO;240.71
27/01/2024;02/02/2024;LUIZORMELO;247.95
27/01/2024;02/02/2024;ST.CRUZ 34;310.41
27/01/2024;02/02/2024;UTE GNA I;313.42
27/01/2024;02/02/2024;TERMORIO;404.79
27/01/2024;02/02/2024;CUBATAO;417.74
27/01/2024;02/02/2024;PIRAT.12 O;470.34
27/01/2024;02/02/2024;NORTEFLU 4;641.91
27/01/2024;02/02/2024;AUR.CHAVES;644.64
27/01/2024;02/02/2024;TRES LAGOA;736.89
27/01/2024;02/02/2024;KARKEY 019;816.51
27/01/2024;02/02/2024;KARKEY 013;816.51
27/01/2024;02/02/2024;FGASPARIAN;842.50
27/01/2024;02/02/2024;SEROPEDICA;898.70
27/01/2024;02/02/2024;M.LAGO;928.35
27/01/2024;02/02/2024;JUIZ DE FO;929.10
27/01/2024;02/02/2024;PORSUD II;946.08
27/01/2024;02/02/2024;PORSUD I;947.36
27/01/2024;02/02/2024;VIANA;1012.55
27/01/2024;02/02/2024;MPPAULINIA;1160.17
27/01/2024;02/02/2024;LORM_PCS;1185.37
27/01/2024;02/02/2024;VIANA I;1185.37
27/01/2024;02/02/2024;POVOACAO I;1185.37
27/01/2024;02/02/2024;W.ARJONA;1413.22
27/01/2024;02/02/2024;PALMEIR_GO;1729.19
27/01/2024;02/02/2024;TNORTE 2;2997.89
03/02/2024;09/02/2024;C. ROCHA;0.00
03/02/2024;09/02/2024;JARAQUI;0.00
03/02/2024;09/02/2024;MANAUARA;0.00
03/02/2024;09/02/2024;TAMBAQUI;0.00
03/02/2024;09/02/2024;PONTA NEGR;0.00
03/02/2024;09/02/2024;UTE MAUA 3;88.60
03/02/2024;09/02/2024;APARECIDA;88.60
03/02/2024;09/02/2024;MARANHAO3;105.87
03/02/2024;09/02/2024;PARNAIB_IV;151.69
03/02/2024;09/02/2024;MARANHAOIV;155.67
03/02/2024;09/02/2024;MARANHAO V;155.67
03/02/2024;09/02/2024;PARNAIBA_V;196.70
03/02/2024;09/02/2024;N.VENECIA2;286.88
03/02/2024;09/02/2024;P. ITAQUI;332.36
03/02/2024;09/02/2024;GERAMAR2;1012.53
03/02/2024;09/02/2024;GERAMAR1;1012.53
03/02/2024;09/02/2024;POTIGUAR;0.00
03/02/2024;09/02/2024;PETROLINA;0.00
03/02/2024;09/02/2024;POTIGUAR_3;0.00
03/02/2024;09/02/2024;ERB CANDEI;108.45
03/02/2024;09/02/2024;PROSPERIDA;204.55
03/02/2024;09/02/2024;PROSP_III;208.41
03/02/2024;09/02/2024;TERMOPE;218.54
03/02/2024;09/02/2024;PROSP_II;306.41
03/02/2024;09/02/2024;PSERGIPE I;325.58
03/02/2024;09/02/2024;P.PECEM1;332.98
03/02/2024;09/02/2024;P.PECEM2;340.01
03/02/2024;09/02/2024;JS_PEREIRA;450.86
03/02/2024;09/02/2024;SYKUE I;510.12
03/02/2024;09/02/2024;TERMOCEARA;560.34
03/02/2024;09/02/2024;C.FURTADO;690.71
03/02/2024;09/02/2024;PERNAMBU_3;869.41
03/02/2024;09/02/2024;MARACANAU;982.67
03/02/2024;09/02/2024;TERMOCABO;1000.23
03/02/2024;09/02/2024;TERMOPB;1005.48
03/02/2024;09/02/2024;TERMONE;1005.48
03/02/2024;09/02/2024;CAMPINA_GR;1012.57
03/02/2024;09/02/2024;SUAPE II;1029.93
03/02/2024;09/02/2024;GLOBAL II;1147.81
03/02/2024;09/02/2024;GLOBAL I;1147.81
03/02/2024;09/02/2024;URUGUAIANA;0.00
03/02/2024;09/02/2024;PAMPA SUL;86.15
03/02/2024;09/02/2024;CANDIOTA_3;108.24
03/02/2024;09/02/2024;SAO SEPE;108.38
03/02/2024;09/02/2024;J.LACER. C;311.53
03/02/2024;09/02/2024;FIGUEIRA;330.64
03/02/2024;09/02/2024;J.LACER. B;362.67
03/02/2024;09/02/2024;J.LAC. A2;372.62
03/02/2024;09/02/2024;J.LAC. A1;434.59
03/02/2024;09/02/2024;B.BONITA I;742.99
03/02/2024;09/02/2024;S.TIARAJU;1234.63
03/02/2024;09/02/2024;ARAUCARIA;2305.34
03/02/2024;09/02/2024;XAVANTES;0.00
03/02/2024;09/02/2024;CUIABA CC;0.00
03/02/2024;09/02/2024;W.ARJONA O;0.00
03/02/2024;09/02/2024;ATLAN_CSA;0.00
03/02/2024;09/02/2024;DAIA;0.00
03/02/2024;09/02/2024;ANGRA 2;20.12
03/02/2024;09/02/2024;ANGRA 1;31.17
03/02/2024;09/02/2024;NORTEFLU 1;99.47
03/02/2024;09/02/2024;NORTEFLU 2;116.49
03/02/2024;09/02/2024;O.PINTADA;138.91
03/02/2024;09/02/2024;M.AZUL;143.08
03/02/2024;09/02/2024;UTE STA VI;150.06
03/02/2024;09/02/2024;BAIXADA FL;163.68
03/02/2024;09/02/2024;SANTA CRUZ;166.77
03/02/2024;09/02/2024;NORTEFLU 3;222.02
03/02/2024;09/02/2024;ATLANTICO;240.71
03/02/2024;09/02/2024;LUIZORMELO;247.95
03/02/2024;09/02/2024;ST.CRUZ 34;310.41
03/02/2024;09/02/2024;UTE GNA I;313.42
03/02/2024;09/02/2024;TERMORIO;404.79
03/02/2024;09/02/2024;CUBATAO;417.74
03/02/2024;09/02/2024;PIRAT.12 O;470.34
03/02/2024;09/02/2024;NORTEFLU 4;641.91
03/02/2024;09/02/2024;AUR.CHAVES;644.64
03/02/2024;09/02/2024;TRES LAGOA;736.89
03/02/2024;09/02/2024;KARKEY 019;816.51
03/02/2024;09/02/2024;KARKEY 013;816.51
03/02/2024;09/02/2024;FGASPARIAN;842.50
03/02/2024;09/02/2024;SEROPEDICA;898.70
03/02/2024;09/02/2024;M.LAGO;928.35
03/02/2024;09/02/2024;JUIZ DE FO;929.10
03/02/2024;09/02/2024;PORSUD II;946.08
03/02/2024;09/02/2024;PORSUD I;947.36
03/02/2024;09/02/2024;VIANA;1012.55
03/02/2024;09/02/2024;MPPAULINIA;1160.17
03/02/2024;09/02/2024;LORM_PCS;1185.37
03/02/2024;09/02/2024;POVOACAO I;1185.37
03/02/2024;09/02/2024;VIANA I;1185.37
03/02/2024;09/02/2024;W.ARJONA;1413.22
03/02/2024;09/02/2024;PALMEIR_GO;1729.19
03/02/2024;09/02/2024;TNORTE 2;2997.89
10/02/2024;16/02/2024;C. ROCHA;0.00
10/02/2024;16/02/2024;TAMBAQUI;0.00
10/02/2024;16/02/2024;JARAQUI;0.00
10/02/2024;16/02/2024;MANAUARA;0.00
10/02/2024;16/02/2024;PONTA NEGR;0.00
10/02/2024;16/02/2024;UTE MAUA 3;85.94
10/02/2024;16/02/2024;APARECIDA;85.94
10/02/2024;16/02/2024;MARANHAO3;105.87
10/02/2024;16/02/2024;MARANHAO V;149.36
10/02/2024;16/02/2024;MARANHAOIV;149.36
10/02/2024;16/02/2024;PARNAIB_IV;151.69
10/02/2024;16/02/2024;PARNAIBA_V;197.39
10/02/2024;16/02/2024;N.VENECIA2;286.88
10/02/2024;16/02/2024;P. ITAQUI;301.85
10/02/2024;16/02/2024;GERAMAR1;984.26
10/02/2024;16/02/2024;GERAMAR2;984.26
10/02/2024;16/02/2024;POTIGUAR_3;0.00
10/02/2024;16/02/2024;PETROLINA;0.00
10/02/2024;16/02/2024;POTIGUAR;0.00
10/02/2024;16/02/2024;ERB CANDEI;108.45
10/02/2024;16/02/2024;PROSPERIDA;204.55
10/02/2024;16/02/2024;PROSP_III;208.41
10/02/2024;16/02/2024;TERMOPE;218.54
10/02/2024;16/02/2024;PROSP_II;246.30
10/02/2024;16/02/2024;P.PECEM1;300.59
10/02/2024;16/02/2024;P.PECEM2;309.34
10/02/2024;16/02/2024;PSERGIPE I;335.32
10/02/2024;16/02/2024;JS_PEREIRA;450.86
10/02/2024;16/02/2024;SYKUE I;510.12
10/02/2024;16/02/2024;TERMOCEARA;560.34
10/02/2024;16/02/2024;C.FURTADO;629.71
10/02/2024;16/02/2024;PERNAMBU_3;844.30
10/02/2024;16/02/2024;MARACANAU;954.72
10/02/2024;16/02/2024;TERMOCABO;972.32
10/02/2024;16/02/2024;TERMOPB;977.78
10/02/2024;16/02/2024;TERMONE;977.78
10/02/2024;16/02/2024;CAMPINA_GR;984.30
10/02/2024;16/02/2024;SUAPE II;999.92
10/02/2024;16/02/2024;GLOBAL II;1115.89
10/02/2024;16/02/2024;GLOBAL I;1115.89
10/02/2024;16/02/2024;URUGUAIANA;0.00
10/02/2024;16/02/2024;PAMPA SUL;86.15
10/02/2024;16/02/2024;CANDIOTA_3;108.24
10/02/2024;16/02/2024;SAO SEPE;108.38
10/02/2024;16/02/2024;J.LACER. C;311.53
10/02/2024;16/02/2024;FIGUEIRA;330.64
10/02/2024;16/02/2024;J.LACER. B;362.67
10/02/2024;16/02/2024;J.LAC. A2;372.62
10/02/2024;16/02/2024;J.LAC. A1;434.59
10/02/2024;16/02/2024;B.BONITA I;742.99
10/02/2024;16/02/2024;S.TIARAJU;1196.59
10/02/2024;16/02/2024;ARAUCARIA;2305.34
10/02/2024;16/02/2024;ATLAN_CSA;0.00
10/02/2024;16/02/2024;DAIA;0.00
10/02/2024;16/02/2024;CUIABA CC;0.00
10/02/2024;16/02/2024;W.ARJONA O;0.00
10/02/2024;16/02/2024;XAVANTES;0.00
10/02/2024;16/02/2024;ANGRA 2;20.12
10/02/2024;16/02/2024;ANGRA 1;31.17
10/02/2024;16/02/2024;NORTEFLU 1;99.47
10/02/2024;16/02/2024;NORTEFLU 2;116.49
10/02/2024;16/02/2024;O.PINTADA;138.91
10/02/2024;16/02/2024;M.AZUL;148.02
10/02/2024;16/02/2024;UTE STA VI;150.06
10/02/2024;16/02/2024;BAIXADA FL;156.74
10/02/2024;16/02/2024;SANTA CRUZ;159.77
10/02/2024;16/02/2024;NORTEFLU 3;222.02
10/02/2024;16/02/2024;LUIZORMELO;236.79
10/02/2024;16/02/2024;ATLANTICO;240.71
10/02/2024;16/02/2024;UTE GNA I;299.41
10/02/2024;16/02/2024;ST.CRUZ 34;310.41
10/02/2024;16/02/2024;TERMORIO;404.79
10/02/2024;16/02/2024;CUBATAO;417.74
10/02/2024;16/02/2024;PIRAT.12 O;470.34
10/02/2024;16/02/2024;AUR.CHAVES;575.06
10/02/2024;16/02/2024;KARKEY 013;638.35
10/02/2024;16/02/2024;KARKEY 019;638.35
10/02/2024;16/02/2024;NORTEFLU 4;641.91
10/02/2024;16/02/2024;TRES LAGOA;652.08
10/02/2024;16/02/2024;PORSUD I;751.34
10/02/2024;16/02/2024;PORSUD II;752.65
10/02/2024;16/02/2024;FGASPARIAN;762.29
10/02/2024;16/02/2024;SEROPEDICA;799.59
10/02/2024;16/02/2024;JUIZ DE FO;832.19
10/02/2024;16/02/2024;MPPAULINIA;903.24
10/02/2024;16/02/2024;POVOACAO I;911.63
10/02/2024;16/02/2024;VIANA I;911.63
10/02/2024;16/02/2024;LORM_PCS;911.63
10/02/2024;16/02/2024;M.LAGO;928.35
10/02/2024;16/02/2024;VIANA;984.28
10/02/2024;16/02/2024;W.ARJONA;1413.22
10/02/2024;16/02/2024;PALMEIR_GO;1729.19
10/02/2024;16/02/2024;TNORTE 2;2997.89
17/02/2024;23/02/2024;C. ROCHA;0.00
17/02/2024;23/02/2024;PONTA NEGR;0.00
17/02/2024;23/02/2024;MANAUARA;0.00
17/02/2024;23/02/2024;TAMBAQUI;0.00
17/02/2024;23/02/2024;JARAQUI;0.00
17/02/2024;23/02/2024;APARECIDA;85.94
17/02/2024;23/02/2024;UTE MAUA 3;85.94
17/02/2024;23/02/2024;MARANHAO3;105.87
17/02/2024;23/02/2024;MARANHAOIV;149.36
17/02/2024;23/02/2024;MARANHAO V;149.36
17/02/2024;23/02/2024;PARNAIB_IV;151.69
17/02/2024;23/02/2024;PARNAIBA_V;197.39
17/02/2024;23/02/2024;N.VENECIA2;286.88
17/02/2024;23/02/2024;P. ITAQUI;301.85
17/02/2024;23/02/2024;GERAMAR1;984.26
17/02/2024;23/02/2024;GERAMAR2;984.26
17/02/2024;23/02/2024;PETROLINA;0.00
17/02/2024;23/02/2024;POTIGUAR_3;0.00
17/02/2024;23/02/2024;POTIGUAR;0.00
17/02/2024;23/02/2024;ERB CANDEI;108.45
17/02/2024;23/02/2024;PROSPERIDA;204.55
17/02/2024;23/02/2024;PROSP_III;208.41
17/02/2024;23/02/2024;TERMOPE;218.54
17/02/2024;23/02/2024;PROSP_II;246.30
17/02/2024;23/02/2024;P.PECEM1;300.59
17/02/2024;23/02/2024;P.PECEM2;309.34
17/02/2024;23/02/2024;PSERGIPE I;335.32
17/02/2024;23/02/2024;JS_PEREIRA;450.86
17/02/2024;23/02/2024;SYKUE I;510.12
17/02/2024;23/02/2024;TERMOCEARA;560.34
17/02/2024;23/02/2024;C.FURTADO;629.71
17/02/2024;23/02/2024;PERNAMBU_3;844.30
17/02/2024;23/02/2024;MARACANAU;954.72
17/02/2024;23/02/2024;TERMOCABO;972.32
17/02/2024;23/02/2024;TERMONE;977.78
17/02/2024;23/02/2024;TERMOPB;977.78
17/02/2024;23/02/2024;CAMPINA_GR;984.30
17/02/2024;23/02/2024;SUAPE II;999.92
17/02/2024;23/02/2024;GLOBAL II;1115.89
17/02/2024;23/02/2024;GLOBAL I;1115.89
17/02/2024;23/02/2024;URUGUAIANA;0.00
17/02/2024;23/02/2024;PAMPA SUL;86.15
17/02/2024;23/02/2024;CANDIOTA_3;108.24
17/02/2024;23/02/2024;SAO SEPE;108.38
17/02/2024;23/02/2024;J.LACER. C;311.53
17/02/2024;23/02/2024;FIGUEIRA;330.64
17/02/2024;23/02/2024;J.LACER. B;362.67
17/02/2024;23/02/2024;J.LAC. A2;372.62
17/02/2024;23/02/2024;J.LAC. A1;434.59
17/02/2024;23/02/2024;B.BONITA I;742.99
17/02/2024;23/02/2024;S.TIARAJU;1196.59
17/02/2024;23/02/2024;ARAUCARIA;2305.34
17/02/2024;23/02/2024;DAIA;0.00
17/02/2024;23/02/2024;ATLAN_CSA;0.00
17/02/2024;23/02/2024;W.ARJONA O;0.00
17/02/2024;23/02/2024;XAVANTES;0.00
17/02/2024;23/02/2024;CUIABA CC;0.00
17/02/2024;23/02/2024;ANGRA 2;20.12
17/02/2024;23/02/2024;ANGRA 1;31.17
17/02/2024;23/02/2024;NORTEFLU 1;99.47
17/02/2024;23/02/2024;NORTEFLU 2;116.49
17/02/2024;23/02/2024;O.PINTADA;138.91
17/02/2024;23/02/2024;M.AZUL;148.02
17/02/2024;23/02/2024;UTE STA VI;150.06
17/02/2024;23/02/2024;BAIXADA FL;156.74
17/02/2024;23/02/2024;SANTA CRUZ;159.77
17/02/2024;23/02/2024;NORTEFLU 3;222.02
17/02/2024;23/02/2024;LUIZORMELO;236.79
17/02/2024;23/02/2024;ATLANTICO;240.71
17/02/2024;23/02/2024;UTE GNA I;299.41
17/02/2024;23/02/2024;ST.CRUZ 34;310.41
17/02/2024;23/02/2024;TERMORIO;404.79
17/02/2024;23/02/2024;CUBATAO;417.74
17/02/2024;23/02/2024;PIRAT.12 O;470.34
17/02/2024;23/02/2024;AUR.CHAVES;575.06
17/02/2024;23/02/2024;KARKEY 019;638.35
17/02/2024;23/02/2024;KARKEY 013;638.35
17/02/2024;23/02/2024;NORTEFLU 4;641.91
17/02/2024;23/02/2024;TRES LAGOA;652.08
17/02/2024;23/02/2024;PORSUD I;751.34
17/02/2024;23/02/2024;PORSUD II;752.65
17/02/2024;23/02/2024;FGASPARIAN;762.29
17/02/2024;23/02/2024;SEROPEDICA;799.59
17/02/2024;23/02/2024;JUIZ DE FO;832.19
17/02/2024;23/02/2024;MPPAULINIA;903.24
17/02/2024;23/02/2024;VIANA I;911.63
17/02/2024;23/02/2024;LORM_PCS;911.63
17/02/2024;23/02/2024;POVOACAO I;911.63
17/02/2024;23/02/2024;M.LAGO;928.35
17/02/2024;23/02/2024;VIANA;984.28
17/02/2024;23/02/2024;W.ARJONA;1413.22
17/02/2024;23/02/2024;PALMEIR_GO;1729.19
17/02/2024;23/02/2024;TNORTE 2;2997.89
24/02/2024;01/03/2024;PONTA NEGR;0.00
24/02/2024;01/03/2024;C. ROCHA;0.00
24/02/2024;01/03/2024;MANAUARA;0.00
24/02/2024;01/03/2024;JARAQUI;0.00
24/02/2024;01/03/2024;TAMBAQUI;0.00
24/02/2024;01/03/2024;UTE MAUA 3;85.94
24/02/2024;01/03/2024;APARECIDA;85.94
24/02/2024;01/03/2024;MARANHAO3;105.87
24/02/2024;01/03/2024;MARANHAOIV;149.36
24/02/2024;01/03/2024;MARANHAO V;149.36
24/02/2024;01/03/2024;PARNAIB_IV;151.69
24/02/2024;01/03/2024;PARNAIBA_V;197.39
24/02/2024;01/03/2024;N.VENECIA2;286.88
24/02/2024;01/03/2024;P. ITAQUI;301.85
24/02/2024;01/03/2024;GERAMAR2;984.26
24/02/2024;01/03/2024;GERAMAR1;984.26
24/02/2024;01/03/2024;POTIGUAR;0.00
24/02/2024;01/03/2024;POTIGUAR_3;0.00
24/02/2024;01/03/2024;PETROLINA;0.00
24/02/2024;01/03/2024;ERB CANDEI;108.45
24/02/2024;01/03/2024;PROSPERIDA;204.55
24/02/2024;01/03/2024;PROSP_III;208.41
24/02/2024;01/03/2024;TERMOPE;231.60
24/02/2024;01/03/2024;PROSP_II;246.30
24/02/2024;01/03/2024;P.PECEM1;300.59
24/02/2024;01/03/2024;P.PECEM2;309.34
24/02/2024;01/03/2024;PSERGIPE I;335.32
24/02/2024;01/03/2024;JS_PEREIRA;450.86
24/02/2024;01/03/2024;SYKUE I;510.12
24/02/2024;01/03/2024;TERMOCEARA;560.49
24/02/2024;01/03/2024;C.FURTADO;629.71
24/02/2024;01/03/2024;PERNAMBU_3;844.30
24/02/2024;01/03/2024;MARACANAU;954.72
24/02/2024;01/03/2024;TERMOCABO;972.32
24/02/2024;01/03/2024;TERMONE;977.78
24/02/2024;01/03/2024;TERMOPB;977.78
24/02/2024;01/03/2024;CAMPINA_GR;984.30
24/02/2024;01/03/2024;SUAPE II;999.92
24/02/2024;01/03/2024;GLOBAL I;1115.89
24/02/2024;01/03/2024;GLOBAL II;1115.89
24/02/2024;01/03/2024;URUGUAIANA;0.00
24/02/2024;01/03/2024;PAMPA SUL;86.15
24/02/2024;01/03/2024;SAO SEPE;108.38
24/02/2024;01/03/2024;CANDIOTA_3;108.41
24/02/2024;01/03/2024;J.LACER. C;311.53
24/02/2024;01/03/2024;FIGUEIRA;330.64
24/02/2024;01/03/2024;J.LACER. B;362.67
24/02/2024;01/03/2024;J.LAC. A2;372.62
24/02/2024;01/03/2024;J.LAC. A1;434.59
24/02/2024;01/03/2024;B.BONITA I;742.99
24/02/2024;01/03/2024;S.TIARAJU;1196.59
24/02/2024;01/03/2024;ARAUCARIA;2305.34
24/02/2024;01/03/2024;ATLAN_CSA;0.00
24/02/2024;01/03/2024;CUIABA CC;0.00
24/02/2024;01/03/2024;W.ARJONA O;0.00
24/02/2024;01/03/2024;DAIA;0.00
24/02/2024;01/03/2024;XAVANTES;0.00
24/02/2024;01/03/2024;ANGRA 2;20.12
24/02/2024;01/03/2024;ANGRA 1;31.17
24/02/2024;01/03/2024;NORTEFLU 1;100.89
24/02/2024;01/03/2024;NORTEFLU 2;117.31
24/02/2024;01/03/2024;O.PINTADA;138.91
24/02/2024;01/03/2024;M.AZUL;148.02
24/02/2024;01/03/2024;UTE STA VI;150.06
24/02/2024;01/03/2024;BAIXADA FL;156.74
24/02/2024;01/03/2024;SANTA CRUZ;159.77
24/02/2024;01/03/2024;NORTEFLU 3;224.64
24/02/2024;01/03/2024;LUIZORMELO;236.79
24/02/2024;01/03/2024;ATLANTICO;241.26
24/02/2024;01/03/2024;UTE GNA I;299.41
24/02/2024;01/03/2024;ST.CRUZ 34;310.41
24/02/2024;01/03/2024;TERMORIO;404.90
24/02/2024;01/03/2024;CUBATAO;418.38
24/02/2024;01/03/2024;PIRAT.12 O;470.34
24/02/2024;01/03/2024;AUR.CHAVES;575.06
24/02/2024;01/03/2024;KARKEY 013;638.35
24/02/2024;01/03/2024;KARKEY 019;638.35
24/02/2024;01/03/2024;TRES LAGOA;652.08
24/02/2024;01/03/2024;NORTEFLU 4;659.62
24/02/2024;01/03/2024;PORSUD I;751.34
24/02/2024;01/03/2024;PORSUD II;752.65
24/02/2024;01/03/2024;FGASPARIAN;762.29
24/02/2024;01/03/2024;SEROPEDICA;799.59
24/02/2024;01/03/2024;JUIZ DE FO;832.19
24/02/2024;01/03/2024;MPPAULINIA;903.24
24/02/2024;01/03/2024;POVOACAO I;911.63
24/02/2024;01/03/2024;LORM_PCS;911.63
24/02/2024;01/03/2024;VIANA I;911.63
24/02/2024;01/03/2024;M.LAGO;928.54
24/02/2024;01/03/2024;VIANA;984.28
24/02/2024;01/03/2024;W.ARJONA;1413.22
24/02/2024;01/03/2024;PALMEIR_GO;1729.31
24/02/2024;01/03/2024;TNORTE 2;2997.89
02/03/2024;08/03/2024;JARAQUI;0.00
02/03/2024;08/03/2024;MANAUARA;0.00
02/03/2024;08/03/2024;TAMBAQUI;0.00
02/03/2024;08/03/2024;C. ROCHA;0.00
02/03/2024;08/03/2024;PONTA NEGR;0.00
02/03/2024;08/03/2024;UTE MAUA 3;85.94
02/03/2024;08/03/2024;APARECIDA;85.94
02/03/2024;08/03/2024;MARANHAO3;105.87
02/03/2024;08/03/2024;MARANHAOIV;149.36
02/03/2024;08/03/2024;MARANHAO V;149.36
02/03/2024;08/03/2024;PARNAIB_IV;151.69
02/03/2024;08/03/2024;PARNAIBA_V;197.39
02/03/2024;08/03/2024;N.VENECIA2;286.88
02/03/2024;08/03/2024;P. ITAQUI;301.85
02/03/2024;08/03/2024;GERAMAR2;984.26
02/03/2024;08/03/2024;GERAMAR1;984.26
02/03/2024;08/03/2024;POTIGUAR;0.00
02/03/2024;08/03/2024;PETROLINA;0.00
02/03/2024;08/03/2024;POTIGUAR_3;0.00
02/03/2024;08/03/2024;ERB CANDEI;108.45
02/03/2024;08/03/2024;PROSPERIDA;204.55
02/03/2024;08/03/2024;PROSP_III;208.41
02/03/2024;08/03/2024;TERMOPE;231.60
02/03/2024;08/03/2024;PROSP_II;246.30
02/03/2024;08/03/2024;P.PECEM1;300.59
02/03/2024;08/03/2024;P.PECEM2;309.34
02/03/2024;08/03/2024;PSERGIPE I;335.32
02/03/2024;08/03/2024;JS_PEREIRA;450.86
02/03/2024;08/03/2024;SYKUE I;510.12
02/03/2024;08/03/2024;TERMOCEARA;560.49
02/03/2024;08/03/2024;C.FURTADO;629.71
02/03/2024;08/03/2024;PERNAMBU_3;844.30
02/03/2024;08/03/2024;MARACANAU;954.72
02/03/2024;08/03/2024;TERMOCABO;972.32
02/03/2024;08/03/2024;TERMONE;977.78
02/03/2024;08/03/2024;TERMOPB;977.78
02/03/2024;08/03/2024;CAMPINA_GR;984.30
02/03/2024;08/03/2024;SUAPE II;999.92
02/03/2024;08/03/2024;GLOBAL I;1115.89
02/03/2024;08/03/2024;GLOBAL II;1115.89
02/03/2024;08/03/2024;URUGUAIANA;0.00
02/03/2024;08/03/2024;PAMPA SUL;86.15
02/03/2024;08/03/2024;SAO SEPE;108.38
02/03/2024;08/03/2024;CANDIOTA_3;108.41
02/03/2024;08/03/2024;J.LACER. C;311.53
02/03/2024;08/03/2024;FIGUEIRA;330.64
02/03/2024;08/03/2024;J.LACER. B;362.67
02/03/2024;08/03/2024;J.LAC. A2;372.62
02/03/2024;08/03/2024;J.LAC. A1;434.59
02/03/2024;08/03/2024;B.BONITA I;742.99
02/03/2024;08/03/2024;S.TIARAJU;1196.59
02/03/2024;08/03/2024;ARAUCARIA;2305.34
02/03/2024;08/03/2024;ATLAN_CSA;0.00
02/03/2024;08/03/2024;CUIABA CC;0.00
02/03/2024;08/03/2024;W.ARJONA O;0.00
02/03/2024;08/03/2024;XAVANTES;0.00
02/03/2024;08/03/2024;DAIA;0.00
02/03/2024;08/03/2024;ANGRA 2;20.12
02/03/2024;08/03/2024;ANGRA 1;31.17
02/03/2024;08/03/2024;NORTEFLU 1;100.89
02/03/2024;08/03/2024;NORTEFLU 2;117.31
02/03/2024;08/03/2024;O.PINTADA;138.91
02/03/2024;08/03/2024;M.AZUL;148.02
02/03/2024;08/03/2024;UTE STA VI;150.06
02/03/2024;08/03/2024;BAIXADA FL;156.74
02/03/2024;08/03/2024;SANTA CRUZ;159.77
02/03/2024;08/03/2024;NORTEFLU 3;224.64
02/03/2024;08/03/2024;LUIZORMELO;236.79
02/03/2024;08/03/2024;ATLANTICO;241.26
02/03/2024;08/03/2024;UTE GNA I;299.41
02/03/2024;08/03/2024;ST.CRUZ 34;310.41
02/03/2024;08/03/2024;TERMORIO;404.90
02/03/2024;08/03/2024;CUBATAO;418.38
02/03/2024;08/03/2024;PIRAT.12 O;470.34
02/03/2024;08/03/2024;AUR.CHAVES;575.06
02/03/2024;08/03/2024;KARKEY 013;638.35
02/03/2024;08/03/2024;KARKEY 019;638.35
02/03/2024;08/03/2024;TRES LAGOA;652.08
02/03/2024;08/03/2024;NORTEFLU 4;659.62
02/03/2024;08/03/2024;PORSUD I;751.34
02/03/2024;08/03/2024;PORSUD II;752.65
02/03/2024;08/03/2024;FGASPARIAN;762.29
02/03/2024;08/03/2024;SEROPEDICA;799.59
02/03/2024;08/03/2024;JUIZ DE FO;832.19
02/03/2024;08/03/2024;MPPAULINIA;903.24
02/03/2024;08/03/2024;LORM_PCS;911.63
02/03/2024;08/03/2024;VIANA I;911.63
02/03/2024;08/03/2024;POVOACAO I;911.63
02/03/2024;08/03/2024;M.LAGO;928.54
02/03/2024;08/03/2024;VIANA;984.28
02/03/2024;08/03/2024;W.ARJONA;1413.22
02/03/2024;08/03/2024;PALMEIR_GO;1729.31
02/03/2024;08/03/2024;TNORTE 2;2997.89
09/03/2024;15/03/2024;C. ROCHA;0.00
09/03/2024;15/03/2024;JARAQUI;0.00
09/03/2024;15/03/2024;MANAUARA;0.00
09/03/2024;15/03/2024;TAMBAQUI;0.00
09/03/2024;15/03/2024;PONTA NEGR;0.00
09/03/2024;15/03/2024;APARECIDA;66.91
09/03/2024;15/03/2024;UTE MAUA 3;66.91
09/03/2024;15/03/2024;MARANHAOIV;104.13
09/03/2024;15/03/2024;MARANHAO V;104.13
09/03/2024;15/03/2024;MARANHAO3;105.87
09/03/2024;15/03/2024;PARNAIB_IV;151.69
09/03/2024;15/03/2024;PARNAIBA_V;199.40
09/03/2024;15/03/2024;P. ITAQUI;285.56
09/03/2024;15/03/2024;N.VENECIA2;286.88
09/03/2024;15/03/2024;GERAMAR2;983.26
09/03/2024;15/03/2024;GERAMAR1;983.26
09/03/2024;15/03/2024;POTIGUAR_3;0.00
09/03/2024;15/03/2024;POTIGUAR;0.00
09/03/2024;15/03/2024;PETROLINA;0.00
09/03/2024;15/03/2024;ERB CANDEI;108.45
09/03/2024;15/03/2024;PROSPERIDA;204.55
09/03/2024;15/03/2024;PROSP_III;208.41
09/03/2024;15/03/2024;PROSP_II;224.34
09/03/2024;15/03/2024;TERMOPE;231.60
09/03/2024;15/03/2024;P.PECEM1;283.30
09/03/2024;15/03/2024;P.PECEM2;292.97
09/03/2024;15/03/2024;PSERGIPE I;351.54
09/03/2024;15/03/2024;JS_PEREIRA;450.86
09/03/2024;15/03/2024;SYKUE I;510.12
09/03/2024;15/03/2024;TERMOCEARA;560.49
09/03/2024;15/03/2024;C.FURTADO;583.31
09/03/2024;15/03/2024;PERNAMBU_3;843.41
09/03/2024;15/03/2024;MARACANAU;953.73
09/03/2024;15/03/2024;TERMOCABO;971.34
09/03/2024;15/03/2024;TERMOPB;976.80
09/03/2024;15/03/2024;TERMONE;976.80
09/03/2024;15/03/2024;CAMPINA_GR;983.30
09/03/2024;15/03/2024;SUAPE II;998.87
09/03/2024;15/03/2024;GLOBAL I;1114.76
09/03/2024;15/03/2024;GLOBAL II;1114.76
09/03/2024;15/03/2024;PAMPA SUL;86.15
09/03/2024;15/03/2024;SAO SEPE;108.38
09/03/2024;15/03/2024;CANDIOTA_3;108.41
09/03/2024;15/03/2024;J.LACER. C;311.53
09/03/2024;15/03/2024;FIGUEIRA;330.64
09/03/2024;15/03/2024;J.LACER. B;362.67
09/03/2024;15/03/2024;J.LAC. A2;372.62
09/03/2024;15/03/2024;J.LAC. A1;434.59
09/03/2024;15/03/2024;B.BONITA I;742.99
09/03/2024;15/03/2024;URUGUAIANA;1182.86
09/03/2024;15/03/2024;S.TIARAJU;1185.50
09/03/2024;15/03/2024;ARAUCARIA;2305.34
09/03/2024;15/03/2024;ATLAN_CSA;0.00
09/03/2024;15/03/2024;DAIA;0.00
09/03/2024;15/03/2024;XAVANTES;0.00
09/03/2024;15/03/2024;W.ARJONA O;0.00
09/03/2024;15/03/2024;CUIABA CC;0.00
09/03/2024;15/03/2024;ANGRA 2;20.12
09/03/2024;15/03/2024;ANGRA 1;31.17
09/03/2024;15/03/2024;NORTEFLU 1;100.89
09/03/2024;15/03/2024;BAIXADA FL;107.03
09/03/2024;15/03/2024;SANTA CRUZ;109.63
09/03/2024;15/03/2024;NORTEFLU 2;117.31
09/03/2024;15/03/2024;O.PINTADA;138.91
09/03/2024;15/03/2024;UTE STA VI;150.06
09/03/2024;15/03/2024;M.AZUL;156.24
09/03/2024;15/03/2024;LUIZORMELO;156.85
09/03/2024;15/03/2024;UTE GNA I;199.08
09/03/2024;15/03/2024;NORTEFLU 3;224.64
09/03/2024;15/03/2024;ATLANTICO;241.26
09/03/2024;15/03/2024;ST.CRUZ 34;310.41
09/03/2024;15/03/2024;TERMORIO;404.90
09/03/2024;15/03/2024;CUBATAO;418.38
09/03/2024;15/03/2024;PIRAT.12 O;470.34
09/03/2024;15/03/2024;AUR.CHAVES;522.13
09/03/2024;15/03/2024;KARKEY 013;573.24
09/03/2024;15/03/2024;KARKEY 019;573.24
09/03/2024;15/03/2024;TRES LAGOA;587.56
09/03/2024;15/03/2024;NORTEFLU 4;659.62
09/03/2024;15/03/2024;PORSUD I;680.57
09/03/2024;15/03/2024;PORSUD II;682.91
09/03/2024;15/03/2024;FGASPARIAN;701.26
09/03/2024;15/03/2024;SEROPEDICA;724.18
09/03/2024;15/03/2024;JUIZ DE FO;758.46
09/03/2024;15/03/2024;MPPAULINIA;809.75
09/03/2024;15/03/2024;LORM_PCS;811.58
09/03/2024;15/03/2024;POVOACAO I;811.58
09/03/2024;15/03/2024;VIANA I;811.58
09/03/2024;15/03/2024;M.LAGO;928.54
09/03/2024;15/03/2024;VIANA;983.28
09/03/2024;15/03/2024;W.ARJONA;1413.22
09/03/2024;15/03/2024;PALMEIR_GO;1729.31
09/03/2024;15/03/2024;TNORTE 2;2997.89
16/03/2024;22/03/2024;JARAQUI;0.00
16/03/2024;22/03/2024;C. ROCHA;0.00
16/03/2024;22/03/2024;PONTA NEGR;0.00
16/03/2024;22/03/2024;TAMBAQUI;0.00
16/03/2024;22/03/2024;MANAUARA;0.00
16/03/2024;22/03/2024;UTE MAUA 3;66.91
16/03/2024;22/03/2024;APARECIDA;66.91
16/03/2024;22/03/2024;MARANHAO V;104.13
16/03/2024;22/03/2024;MARANHAOIV;104.13
16/03/2024;22/03/2024;MARANHAO3;105.87
16/03/2024;22/03/2024;PARNAIB_IV;151.69
16/03/2024;22/03/2024;PARNAIBA_V;199.40
16/03/2024;22/03/2024;P. ITAQUI;285.56
16/03/2024;22/03/2024;N.VENECIA2;286.88
16/03/2024;22/03/2024;GERAMAR2;983.26
16/03/2024;22/03/2024;GERAMAR1;983.26
16/03/2024;22/03/2024;POTIGUAR;0.00
16/03/2024;22/03/2024;PETROLINA;0.00
16/03/2024;22/03/2024;POTIGUAR_3;0.00
16/03/2024;22/03/2024;ERB CANDEI;108.45
16/03/2024;22/03/2024;PROSPERIDA;204.55
16/03/2024;22/03/2024;PROSP_III;208.41
16/03/2024;22/03/2024;PROSP_II;224.34
16/03/2024;22/03/2024;TERMOPE;231.60
16/03/2024;22/03/2024;P.PECEM1;283.30
16/03/2024;22/03/2024;P.PECEM2;292.97
16/03/2024;22/03/2024;PSERGIPE I;351.54
16/03/2024;22/03/2024;JS_PEREIRA;450.86
16/03/2024;22/03/2024;SYKUE I;510.12
16/03/2024;22/03/2024;TERMOCEARA;560.49
16/03/2024;22/03/2024;C.FURTADO;583.31
16/03/2024;22/03/2024;PERNAMBU_3;843.41
16/03/2024;22/03/2024;MARACANAU;953.73
16/03/2024;22/03/2024;TERMOCABO;971.34
16/03/2024;22/03/2024;TERMONE;976.80
16/03/2024;22/03/2024;TERMOPB;976.80
16/03/2024;22/03/2024;CAMPINA_GR;983.30
16/03/2024;22/03/2024;SUAPE II;998.87
16/03/2024;22/03/2024;GLOBAL I;1114.76
16/03/2024;22/03/2024;GLOBAL II;1114.76
16/03/2024;22/03/2024;PAMPA SUL;86.15
16/03/2024;22/03/2024;SAO SEPE;108.38
16/03/2024;22/03/2024;CANDIOTA_3;108.41
16/03/2024;22/03/2024;J.LACER. C;325.27
16/03/2024;22/03/2024;FIGUEIRA;330.64
16/03/2024;22/03/2024;J.LACER. B;378.90
16/03/2024;22/03/2024;J.LAC. A2;387.75
16/03/2024;22/03/2024;J.LAC. A1;453.14
16/03/2024;22/03/2024;B.BONITA I;742.99
16/03/2024;22/03/2024;URUGUAIANA;1182.86
16/03/2024;22/03/2024;S.TIARAJU;1185.50
16/03/2024;22/03/2024;ARAUCARIA;2305.34
16/03/2024;22/03/2024;ATLAN_CSA;0.00
16/03/2024;22/03/2024;DAIA;0.00
16/03/2024;22/03/2024;W.ARJONA O;0.00
16/03/2024;22/03/2024;XAVANTES;0.00
16/03/2024;22/03/2024;CUIABA CC;0.00
16/03/2024;22/03/2024;ANGRA 2;20.12
16/03/2024;22/03/2024;ANGRA 1;31.17
16/03/2024;22/03/2024;NORTEFLU 1;100.89
16/03/2024;22/03/2024;BAIXADA FL;107.03
16/03/2024;22/03/2024;SANTA CRUZ;109.63
16/03/2024;22/03/2024;NORTEFLU 2;117.31
16/03/2024;22/03/2024;O.PINTADA;138.91
16/03/2024;22/03/2024;UTE STA VI;150.06
16/03/2024;22/03/2024;M.AZUL;156.24
16/03/2024;22/03/2024;LUIZORMELO;156.85
16/03/2024;22/03/2024;UTE GNA I;199.08
16/03/2024;22/03/2024;NORTEFLU 3;224.64
16/03/2024;22/03/2024;ATLANTICO;241.26
16/03/2024;22/03/2024;ST.CRUZ 34;310.41
16/03/2024;22/03/2024;TERMORIO;404.90
16/03/2024;22/03/2024;CUBATAO;418.38
16/03/2024;22/03/2024;PIRAT.12 O;470.34
16/03/2024;22/03/2024;AUR.CHAVES;522.13
16/03/2024;22/03/2024;KARKEY 019;573.24
16/03/2024;22/03/2024;KARKEY 013;573.24
16/03/2024;22/03/2024;TRES LAGOA;587.56
16/03/2024;22/03/2024;NORTEFLU 4;659.62
16/03/2024;22/03/2024;PORSUD I;680.57
16/03/2024;22/03/2024;PORSUD II;682.91
16/03/2024;22/03/2024;FGASPARIAN;701.26
16/03/2024;22/03/2024;SEROPEDICA;724.18
16/03/2024;22/03/2024;JUIZ DE FO;758.46
16/03/2024;22/03/2024;MPPAULINIA;809.75
16/03/2024;22/03/2024;LORM_PCS;811.58
16/03/2024;22/03/2024;POVOACAO I;811.58
16/03/2024;22/03/2024;VIANA I;811.58
16/03/2024;22/03/2024;M.LAGO;928.54
16/03/2024;22/03/2024;VIANA;983.28
16/03/2024;22/03/2024;W.ARJONA;1413.22
16/03/2024;22/03/2024;PALMEIR_GO;1729.31
16/03/2024;22/03/2024;TNORTE 2;2997.89
23/03/2024;29/03/2024;C. ROCHA;0.00
23/03/2024;29/03/2024;TAMBAQUI;0.00
23/03/2024;29/03/2024;MANAUARA;0.00
23/03/2024;29/03/2024;JARAQUI;0.00
23/03/2024;29/03/2024;PONTA NEGR;0.00
23/03/2024;29/03/2024;UTE MAUA 3;66.91
23/03/2024;29/03/2024;APARECIDA;66.91
23/03/2024;29/03/2024;MARANHAO V;104.13
23/03/2024;29/03/2024;MARANHAOIV;104.13
23/03/2024;29/03/2024;MARANHAO3;105.87
23/03/2024;29/03/2024;PARNAIB_IV;151.69
23/03/2024;29/03/2024;PARNAIBA_V;199.40
23/03/2024;29/03/2024;P. ITAQUI;285.56
23/03/2024;29/03/2024;N.VENECIA2;286.88
23/03/2024;29/03/2024;GERAMAR2;983.26
23/03/2024;29/03/2024;GERAMAR1;983.26
23/03/2024;29/03/2024;POTIGUAR;0.00
23/03/2024;29/03/2024;PETROLINA;0.00
23/03/2024;29/03/2024;POTIGUAR_3;0.00
23/03/2024;29/03/2024;ERB CANDEI;108.45
23/03/2024;29/03/2024;PROSPERIDA;204.55
23/03/2024;29/03/2024;PROSP_III;208.41
23/03/2024;29/03/2024;PROSP_II;224.34
23/03/2024;29/03/2024;TERMOPE;233.95
23/03/2024;29/03/2024;P.PECEM1;283.30
23/03/2024;29/03/2024;P.PECEM2;292.97
23/03/2024;29/03/2024;PSERGIPE I;351.54
23/03/2024;29/03/2024;JS_PEREIRA;450.86
23/03/2024;29/03/2024;SYKUE I;510.12
23/03/2024;29/03/2024;TERMOCEARA;560.49
23/03/2024;29/03/2024;C.FURTADO;583.31
23/03/2024;29/03/2024;PERNAMBU_3;843.41
23/03/2024;29/03/2024;MARACANAU;953.73
23/03/2024;29/03/2024;TERMOCABO;971.34
23/03/2024;29/03/2024;TERMOPB;976.80
23/03/2024;29/03/2024;TERMONE;976.80
23/03/2024;29/03/2024;CAMPINA_GR;983.30
23/03/2024;29/03/2024;SUAPE II;998.87
23/03/2024;29/03/2024;GLOBAL I;1114.76
23/03/2024;29/03/2024;GLOBAL II;1114.76
23/03/2024;29/03/2024;PAMPA SUL;86.15
23/03/2024;29/03/2024;SAO SEPE;108.38
23/03/2024;29/03/2024;CANDIOTA_3;108.41
23/03/2024;29/03/2024;J.LACER. C;325.27
23/03/2024;29/03/2024;FIGUEIRA;330.64
23/03/2024;29/03/2024;J.LACER. B;378.90
23/03/2024;29/03/2024;J.LAC. A2;387.75
23/03/2024;29/03/2024;J.LAC. A1;453.14
23/03/2024;29/03/2024;B.BONITA I;742.99
23/03/2024;29/03/2024;URUGUAIANA;1182.86
23/03/2024;29/03/2024;S.TIARAJU;1185.50
23/03/2024;29/03/2024;ARAUCARIA;2305.34
23/03/2024;29/03/2024;DAIA;0.00
23/03/2024;29/03/2024;CUIABA CC;0.00
23/03/2024;29/03/2024;ATLAN_CSA;0.00
23/03/2024;29/03/2024;XAVANTES;0.00
23/03/2024;29/03/2024;W.ARJONA O;0.00
23/03/2024;29/03/2024;ANGRA 2;20.12
23/03/2024;29/03/2024;ANGRA 1;31.17
23/03/2024;29/03/2024;NORTEFLU 1;101.32
23/03/2024;29/03/2024;BAIXADA FL;107.03
23/03/2024;29/03/2024;SANTA CRUZ;109.63
23/03/2024;29/03/2024;NORTEFLU 2;118.10
23/03/2024;29/03/2024;O.PINTADA;138.91
23/03/2024;29/03/2024;UTE STA VI;150.06
23/03/2024;29/03/2024;M.AZUL;156.24
23/03/2024;29/03/2024;LUIZORMELO;156.85
23/03/2024;29/03/2024;UTE GNA I;199.08
23/03/2024;29/03/2024;NORTEFLU 3;225.93
23/03/2024;29/03/2024;ATLANTICO;241.26
23/03/2024;29/03/2024;ST.CRUZ 34;310.41
23/03/2024;29/03/2024;TERMORIO;404.90
23/03/2024;29/03/2024;CUBATAO;418.38
23/03/2024;29/03/2024;PIRAT.12 O;470.34
23/03/2024;29/03/2024;AUR.CHAVES;522.13
23/03/2024;29/03/2024;KARKEY 013;573.24
23/03/2024;29/03/2024;KARKEY 019;573.24
23/03/2024;29/03/2024;TRES LAGOA;587.56
23/03/2024;29/03/2024;PORSUD I;680.57
23/03/2024;29/03/2024;PORSUD II;682.91
23/03/2024;29/03/2024;NORTEFLU 4;689.30
23/03/2024;29/03/2024;FGASPARIAN;701.26
23/03/2024;29/03/2024;SEROPEDICA;724.18
23/03/2024;29/03/2024;JUIZ DE FO;758.46
23/03/2024;29/03/2024;MPPAULINIA;809.75
23/03/2024;29/03/2024;VIANA I;811.58
23/03/2024;29/03/2024;POVOACAO I;811.58
23/03/2024;29/03/2024;LORM_PCS;811.58
23/03/2024;29/03/2024;M.LAGO;928.54
23/03/2024;29/03/2024;VIANA;983.28
23/03/2024;29/03/2024;W.ARJONA;1413.22
23/03/2024;29/03/2024;PALMEIR_GO;1729.31
23/03/2024;29/03/2024;TNORTE 2;2997.89
30/03/2024;05/04/2024;C. ROCHA;0.00
30/03/2024;05/04/2024;PONTA NEGR;0.00
30/03/2024;05/04/2024;JARAQUI;0.00
30/03/2024;05/04/2024;TAMBAQUI;0.00
30/03/2024;05/04/2024;MANAUARA;0.00
30/03/2024;05/04/2024;UTE MAUA 3;66.91
30/03/2024;05/04/2024;APARECIDA;66.91
30/03/2024;05/04/2024;MARANHAO V;104.13
30/03/2024;05/04/2024;MARANHAOIV;104.13
30/03/2024;05/04/2024;MARANHAO3;105.87
30/03/2024;05/04/2024;PARNAIB_IV;151.69
30/03/2024;05/04/2024;PARNAIBA_V;199.40
30/03/2024;05/04/2024;P. ITAQUI;285.56
30/03/2024;05/04/2024;N.VENECIA2;286.88
30/03/2024;05/04/2024;GERAMAR2;983.26
30/03/2024;05/04/2024;GERAMAR1;983.26
30/03/2024;05/04/2024;POTIGUAR_3;0.00
30/03/2024;05/04/2024;PETROLINA;0.00
30/03/2024;05/04/2024;POTIGUAR;0.00
30/03/2024;05/04/2024;ERB CANDEI;108.45
30/03/2024;05/04/2024;PROSPERIDA;204.55
30/03/2024;05/04/2024;PROSP_III;208.41
30/03/2024;05/04/2024;PROSP_II;224.34
30/03/2024;05/04/2024;TERMOPE;233.95
30/03/2024;05/04/2024;P.PECEM1;283.30
30/03/2024;05/04/2024;P.PECEM2;292.97
30/03/2024;05/04/2024;PSERGIPE I;351.54
30/03/2024;05/04/2024;JS_PEREIRA;450.86
30/03/2024;05/04/2024;SYKUE I;510.12
30/03/2024;05/04/2024;TERMOCEARA;560.97
30/03/2024;05/04/2024;C.FURTADO;583.31
30/03/2024;05/04/2024;PERNAMBU_3;843.41
30/03/2024;05/04/2024;MARACANAU;953.73
30/03/2024;05/04/2024;TERMOCABO;971.34
30/03/2024;05/04/2024;TERMONE;976.80
30/03/2024;05/04/2024;TERMOPB;976.80
30/03/2024;05/04/2024;CAMPINA_GR;983.30
30/03/2024;05/04/2024;SUAPE II;998.87
30/03/2024;05/04/2024;GLOBAL II;1114.76
30/03/2024;05/04/2024;GLOBAL I;1114.76
30/03/2024;05/04/2024;PAMPA SUL;86.15
30/03/2024;05/04/2024;SAO SEPE;108.38
30/03/2024;05/04/2024;CANDIOTA_3;108.94
30/03/2024;05/04/2024;J.LACER. C;325.27
30/03/2024;05/04/2024;FIGUEIRA;330.64
30/03/2024;05/04/2024;J.LACER. B;378.90
30/03/2024;05/04/2024;J.LAC. A2;387.75
30/03/2024;05/04/2024;J.LAC. A1;453.14
30/03/2024;05/04/2024;B.BONITA I;742.99
30/03/2024;05/04/2024;URUGUAIANA;1182.86
30/03/2024;05/04/2024;S.TIARAJU;1185.50
30/03/2024;05/04/2024;ARAUCARIA;2305.34
30/03/2024;05/04/2024;XAVANTES;0.00
30/03/2024;05/04/2024;ATLAN_CSA;0.00
30/03/2024;05/04/2024;CUIABA CC;0.00
30/03/2024;05/04/2024;W.ARJONA O;0.00
30/03/2024;05/04/2024;DAIA;0.00
30/03/2024;05/04/2024;ANGRA 2;20.12
30/03/2024;05/04/2024;ANGRA 1;31.17
30/03/2024;05/04/2024;NORTEFLU 1;101.32
30/03/2024;05/04/2024;BAIXADA FL;107.03
30/03/2024;05/04/2024;SANTA CRUZ;109.63
30/03/2024;05/04/2024;NORTEFLU 2;118.10
30/03/2024;05/04/2024;O.PINTADA;138.91
30/03/2024;05/04/2024;UTE STA VI;150.06
30/03/2024;05/04/2024;M.AZUL;156.24
30/03/2024;05/04/2024;LUIZORMELO;156.85
30/03/2024;05/04/2024;UTE GNA I;199.08
30/03/2024;05/04/2024;NORTEFLU 3;225.93
30/03/2024;05/04/2024;ATLANTICO;242.67
30/03/2024;05/04/2024;ST.CRUZ 34;310.41
30/03/2024;05/04/2024;TERMORIO;405.24
30/03/2024;05/04/2024;CUBATAO;420.45
30/03/2024;05/04/2024;PIRAT.12 O;470.34
30/03/2024;05/04/2024;AUR.CHAVES;522.13
30/03/2024;05/04/2024;KARKEY 019;573.24
30/03/2024;05/04/2024;KARKEY 013;573.24
30/03/2024;05/04/2024;TRES LAGOA;587.56
30/03/2024;05/04/2024;PORSUD I;680.57
30/03/2024;05/04/2024;PORSUD II;682.91
30/03/2024;05/04/2024;NORTEFLU 4;689.30
30/03/2024;05/04/2024;FGASPARIAN;701.26
30/03/2024;05/04/2024;SEROPEDICA;724.18
30/03/2024;05/04/2024;JUIZ DE FO;758.46
30/03/2024;05/04/2024;MPPAULINIA;809.75
30/03/2024;05/04/2024;LORM_PCS;811.58
30/03/2024;05/04/2024;POVOACAO I;811.58
30/03/2024;05/04/2024;VIANA I;811.58
30/03/2024;05/04/2024;M.LAGO;929.05
30/03/2024;05/04/2024;VIANA;983.28
30/03/2024;05/04/2024;W.ARJONA;1413.22
30/03/2024;05/04/2024;PALMEIR_GO;1729.62
30/03/2024;05/04/2024;TNORTE 2;2997.89
06/04/2024;12/04/2024;TAMBAQUI;0.00
06/04/2024;12/04/2024;JARAQUI;0.00
06/04/2024;12/04/2024;PONTA NEGR;0.00
06/04/2024;12/04/2024;MANAUARA;0.00
06/04/2024;12/04/2024;C. ROCHA;0.00
06/04/2024;12/04/2024;APARECIDA;66.12
06/04/2024;12/04/2024;UTE MAUA 3;66.12
06/04/2024;12/04/2024;MARANHAO V;102.27
06/04/2024;12/04/2024;MARANHAOIV;102.27
06/04/2024;12/04/2024;MARANHAO3;105.87
06/04/2024;12/04/2024;PARNAIB_IV;151.69
06/04/2024;12/04/2024;PARNAIBA_V;200.03
06/04/2024;12/04/2024;N.VENECIA2;286.88
06/04/2024;12/04/2024;P. ITAQUI;334.51
06/04/2024;12/04/2024;GERAMAR2;1050.61
06/04/2024;12/04/2024;GERAMAR1;1050.61
06/04/2024;12/04/2024;PETROLINA;0.00
06/04/2024;12/04/2024;POTIGUAR_3;0.00
06/04/2024;12/04/2024;POTIGUAR;0.00
06/04/2024;12/04/2024;ERB CANDEI;108.45
06/04/2024;12/04/2024;PROSPERIDA;204.55
06/04/2024;12/04/2024;PROSP_III;208.41
06/04/2024;12/04/2024;PROSP_II;232.86
06/04/2024;12/04/2024;TERMOPE;233.95
06/04/2024;12/04/2024;P.PECEM1;335.26
06/04/2024;12/04/2024;P.PECEM2;342.16
06/04/2024;12/04/2024;PSERGIPE I;358.26
06/04/2024;12/04/2024;JS_PEREIRA;450.86
06/04/2024;12/04/2024;TERMOCEARA;560.97
06/04/2024;12/04/2024;C.FURTADO;598.05
06/04/2024;12/04/2024;PERNAMBU_3;903.24
06/04/2024;12/04/2024;MARACANAU;1020.32
06/04/2024;12/04/2024;TERMOCABO;1037.81
06/04/2024;12/04/2024;TERMONE;1042.78
06/04/2024;12/04/2024;TERMOPB;1042.78
06/04/2024;12/04/2024;CAMPINA_GR;1050.65
06/04/2024;12/04/2024;SUAPE II;1070.34
06/04/2024;12/04/2024;GLOBAL II;1190.79
06/04/2024;12/04/2024;GLOBAL I;1190.79
06/04/2024;12/04/2024;PAMPA SUL;86.15
06/04/2024;12/04/2024;SAO SEPE;108.38
06/04/2024;12/04/2024;CANDIOTA_3;108.94
06/04/2024;12/04/2024;J.LACER. C;325.27
06/04/2024;12/04/2024;FIGUEIRA;330.64
06/04/2024;12/04/2024;J.LACER. B;378.90
06/04/2024;12/04/2024;J.LAC. A2;387.75
06/04/2024;12/04/2024;J.LAC. A1;453.14
06/04/2024;12/04/2024;B.BONITA I;742.99
06/04/2024;12/04/2024;URUGUAIANA;1182.86
06/04/2024;12/04/2024;S.TIARAJU;1197.84
06/04/2024;12/04/2024;ARAUCARIA;2305.34
06/04/2024;12/04/2024;ATLAN_CSA;0.00
06/04/2024;12/04/2024;DAIA;0.00
06/04/2024;12/04/2024;W.ARJONA O;0.00
06/04/2024;12/04/2024;CUIABA CC;0.00
06/04/2024;12/04/2024;XAVANTES;0.00
06/04/2024;12/04/2024;ANGRA 2;20.12
06/04/2024;12/04/2024;ANGRA 1;31.17
06/04/2024;12/04/2024;NORTEFLU 1;101.32
06/04/2024;12/04/2024;BAIXADA FL;104.98
06/04/2024;12/04/2024;SANTA CRUZ;107.56
06/04/2024;12/04/2024;NORTEFLU 2;118.10
06/04/2024;12/04/2024;O.PINTADA;138.91
06/04/2024;12/04/2024;UTE STA VI;150.06
06/04/2024;12/04/2024;LUIZORMELO;153.55
06/04/2024;12/04/2024;M.AZUL;159.65
06/04/2024;12/04/2024;UTE GNA I;194.95
06/04/2024;12/04/2024;NORTEFLU 3;225.93
06/04/2024;12/04/2024;ATLANTICO;242.67
06/04/2024;12/04/2024;ST.CRUZ 34;310.41
06/04/2024;12/04/2024;TERMORIO;405.24
06/04/2024;12/04/2024;CUBATAO;420.45
06/04/2024;12/04/2024;PIRAT.12 O;470.34
06/04/2024;12/04/2024;AUR.CHAVES;538.94
06/04/2024;12/04/2024;KARKEY 013;598.50
06/04/2024;12/04/2024;KARKEY 019;598.50
06/04/2024;12/04/2024;TRES LAGOA;608.05
06/04/2024;12/04/2024;NORTEFLU 4;689.30
06/04/2024;12/04/2024;PORSUD I;708.72
06/04/2024;12/04/2024;PORSUD II;710.74
06/04/2024;12/04/2024;FGASPARIAN;720.64
06/04/2024;12/04/2024;SEROPEDICA;748.13
06/04/2024;12/04/2024;JUIZ DE FO;781.88
06/04/2024;12/04/2024;MPPAULINIA;846.36
06/04/2024;12/04/2024;LORM_PCS;850.40
06/04/2024;12/04/2024;VIANA I;850.40
06/04/2024;12/04/2024;POVOACAO I;850.40
06/04/2024;12/04/2024;M.LAGO;929.05
06/04/2024;12/04/2024;VIANA;1050.63
06/04/2024;12/04/2024;W.ARJONA;1413.22
06/04/2024;12/04/2024;PALMEIR_GO;1729.62
06/04/2024;12/04/2024;TNORTE 2;2997.89
13/04/2024;19/04/2024;PONTA NEGR;0.00
13/04/2024;19/04/2024;JARAQUI;0.00
13/04/2024;19/04/2024;MANAUARA;0.00
13/04/2024;19/04/2024;TAMBAQUI;0.00
13/04/2024;19/04/2024;C. ROCHA;0.00
13/04/2024;19/04/2024;UTE MAUA 3;66.12
13/04/2024;19/04/2024;APARECIDA;66.12
13/04/2024;19/04/2024;MARANHAO V;102.27
13/04/2024;19/04/2024;MARANHAOIV;102.27
13/04/2024;19/04/2024;MARANHAO3;105.87
13/04/2024;19/04/2024;PARNAIB_IV;151.69
13/04/2024;19/04/2024;PARNAIBA_V;200.03
13/04/2024;19/04/2024;N.VENECIA2;286.88
13/04/2024;19/04/2024;P. ITAQUI;334.51
13/04/2024;19/04/2024;GERAMAR2;1050.61
13/04/2024;19/04/2024;GERAMAR1;1050.61
13/04/2024;19/04/2024;PETROLINA;0.00
13/04/2024;19/04/2024;POTIGUAR_3;0.00
13/04/2024;19/04/2024;POTIGUAR;0.00
13/04/2024;19/04/2024;ERB CANDEI;108.45
13/04/2024;19/04/2024;PROSPERIDA;204.55
13/04/2024;19/04/2024;PROSP_III;208.41
13/04/2024;19/04/2024;PROSP_II;232.86
13/04/2024;19/04/2024;TERMOPE;233.95
13/04/2024;19/04/2024;P.PECEM1;335.26
13/04/2024;19/04/2024;P.PECEM2;342.16
13/04/2024;19/04/2024;PSERGIPE I;358.26
13/04/2024;19/04/2024;JS_PEREIRA;450.86
13/04/2024;19/04/2024;TERMOCEARA;560.97
13/04/2024;19/04/2024;C.FURTADO;598.05
13/04/2024;19/04/2024;PERNAMBU_3;903.24
13/04/2024;19/04/2024;MARACANAU;1020.32
13/04/2024;19/04/2024;TERMOCABO;1037.81
13/04/2024;19/04/2024;TERMONE;1042.78
13/04/2024;19/04/2024;TERMOPB;1042.78
13/04/2024;19/04/2024;CAMPINA_GR;1050.65
13/04/2024;19/04/2024;SUAPE II;1070.34
13/04/2024;19/04/2024;GLOBAL II;1190.79
13/04/2024;19/04/2024;GLOBAL I;1190.79
13/04/2024;19/04/2024;PAMPA SUL;86.15
13/04/2024;19/04/2024;SAO SEPE;108.38
13/04/2024;19/04/2024;CANDIOTA_3;108.94
13/04/2024;19/04/2024;J.LACER. C;325.27
13/04/2024;19/04/2024;FIGUEIRA;330.64
13/04/2024;19/04/2024;J.LACER. B;378.90
13/04/2024;19/04/2024;J.LAC. A2;387.75
13/04/2024;19/04/2024;J.LAC. A1;453.14
13/04/2024;19/04/2024;B.BONITA I;742.99
13/04/2024;19/04/2024;URUGUAIANA;1182.86
13/04/2024;19/04/2024;S.TIARAJU;1197.84
13/04/2024;19/04/2024;ARAUCARIA;2305.34
13/04/2024;19/04/2024;ATLAN_CSA;0.00
13/04/2024;19/04/2024;DAIA;0.00
13/04/2024;19/04/2024;CUIABA CC;0.00
13/04/2024;19/04/2024;XAVANTES;0.00
13/04/2024;19/04/2024;W.ARJONA O;0.00
13/04/2024;19/04/2024;ANGRA 2;20.12
13/04/2024;19/04/2024;ANGRA 1;31.17
13/04/2024;19/04/2024;NORTEFLU 1;101.32
13/04/2024;19/04/2024;BAIXADA FL;104.98
13/04/2024;19/04/2024;SANTA CRUZ;107.56
13/04/2024;19/04/2024;NORTEFLU 2;118.10
13/04/2024;19/04/2024;O.PINTADA;138.91
13/04/2024;19/04/2024;UTE STA VI;150.06
13/04/2024;19/04/2024;LUIZORMELO;153.55
13/04/2024;19/04/2024;M.AZUL;159.65
13/04/2024;19/04/2024;UTE GNA I;194.95
13/04/2024;19/04/2024;NORTEFLU 3;225.93
13/04/2024;19/04/2024;ATLANTICO;242.67
13/04/2024;19/04/2024;ST.CRUZ 34;310.41
13/04/2024;19/04/2024;TERMORIO;405.24
13/04/2024;19/04/2024;CUBATAO;420.45
13/04/2024;19/04/2024;PIRAT.12 O;470.34
13/04/2024;19/04/2024;AUR.CHAVES;538.94
13/04/2024;19/04/2024;KARKEY 013;598.50
13/04/2024;19/04/2024;KARKEY 019;598.50
13/04/2024;19/04/2024;TRES LAGOA;608.05
13/04/2024;19/04/2024;NORTEFLU 4;689.30
13/04/2024;19/04/2024;PORSUD I;708.72
13/04/2024;19/04/2024;PORSUD II;710.74
13/04/2024;19/04/2024;FGASPARIAN;720.64
13/04/2024;19/04/2024;SEROPEDICA;748.13
13/04/2024;19/04/2024;JUIZ DE FO;781.88
13/04/2024;19/04/2024;MPPAULINIA;846.36
13/04/2024;19/04/2024;POVOACAO I;850.40
13/04/2024;19/04/2024;VIANA I;850.40
13/04/2024;19/04/2024;LORM_PCS;850.40
13/04/2024;19/04/2024;M.LAGO;929.05
13/04/2024;19/04/2024;VIANA;1050.63
13/04/2024;19/04/2024;W.ARJONA;1413.22
13/04/2024;19/04/2024;PALMEIR_GO;1729.62
13/04/2024;19/04/2024;TNORTE 2;2997.89
20/04/2024;26/04/2024;MANAUARA;0.00
20/04/2024;26/04/2024;TAMBAQUI;0.00
20/04/2024;26/04/2024;C. ROCHA;0.00
20/04/2024;26/04/2024;JARAQUI;0.00
20/04/2024;26/04/2024;PONTA NEGR;0.00
20/04/2024;26/04/2024;UTE MAUA 3;66.12
20/04/2024;26/04/2024;APARECIDA;66.12
20/04/2024;26/04/2024;MARANHAO V;102.27
20/04/2024;26/04/2024;MARANHAOIV;102.27
20/04/2024;26/04/2024;MARANHAO3;105.87
20/04/2024;26/04/2024;PARNAIB_IV;151.69
20/04/2024;26/04/2024;PARNAIBA_V;200.03
20/04/2024;26/04/2024;N.VENECIA2;286.88
20/04/2024;26/04/2024;P. ITAQUI;334.51
20/04/2024;26/04/2024;GERAMAR1;1050.61
20/04/2024;26/04/2024;GERAMAR2;1050.61
20/04/2024;26/04/2024;POTIGUAR_3;0.00
20/04/2024;26/04/2024;POTIGUAR;0.00
20/04/2024;26/04/2024;PETROLINA;0.00
20/04/2024;26/04/2024;ERB CANDEI;108.45
20/04/2024;26/04/2024;PROSPERIDA;204.55
20/04/2024;26/04/2024;PROSP_III;208.41
20/04/2024;26/04/2024;PROSP_II;232.86
20/04/2024;26/04/2024;TERMOPE;233.95
20/04/2024;26/04/2024;P.PECEM1;335.26
20/04/2024;26/04/2024;P.PECEM2;342.16
20/04/2024;26/04/2024;PSERGIPE I;358.26
20/04/2024;26/04/2024;JS_PEREIRA;450.86
20/04/2024;26/04/2024;TERMOCEARA;560.97
20/04/2024;26/04/2024;C.FURTADO;598.05
20/04/2024;26/04/2024;PERNAMBU_3;903.24
20/04/2024;26/04/2024;MARACANAU;1020.32
20/04/2024;26/04/2024;TERMOCABO;1037.81
20/04/2024;26/04/2024;TERMOPB;1042.78
20/04/2024;26/04/2024;TERMONE;1042.78
20/04/2024;26/04/2024;CAMPINA_GR;1050.65
20/04/2024;26/04/2024;SUAPE II;1070.34
20/04/2024;26/04/2024;GLOBAL II;1190.79
20/04/2024;26/04/2024;GLOBAL I;1190.79
20/04/2024;26/04/2024;PAMPA SUL;86.15
20/04/2024;26/04/2024;SAO SEPE;108.38
20/04/2024;26/04/2024;CANDIOTA_3;108.94
20/04/2024;26/04/2024;J.LACER. C;325.27
20/04/2024;26/04/2024;FIGUEIRA;330.64
20/04/2024;26/04/2024;J.LACER. B;378.90
20/04/2024;26/04/2024;J.LAC. A2;387.75
20/04/2024;26/04/2024;J.LAC. A1;453.14
20/04/2024;26/04/2024;B.BONITA I;742.99
20/04/2024;26/04/2024;URUGUAIANA;1182.86
20/04/2024;26/04/2024;S.TIARAJU;1197.84
20/04/2024;26/04/2024;ARAUCARIA;2305.34
20/04/2024;26/04/2024;ATLAN_CSA;0.00
20/04/2024;26/04/2024;DAIA;0.00
20/04/2024;26/04/2024;CUIABA CC;0.00
20/04/2024;26/04/2024;W.ARJONA O;0.00
20/04/2024;26/04/2024;XAVANTES;0.00
20/04/2024;26/04/2024;ANGRA 2;20.12
20/04/2024;26/04/2024;ANGRA 1;31.17
20/04/2024;26/04/2024;NORTEFLU 1;101.32
20/04/2024;26/04/2024;BAIXADA FL;104.98
20/04/2024;26/04/2024;SANTA CRUZ;107.56
20/04/2024;26/04/2024;NORTEFLU 2;118.10
20/04/2024;26/04/2024;O.PINTADA;138.91
20/04/2024;26/04/2024;UTE STA VI;150.06
20/04/2024;26/04/2024;LUIZORMELO;153.55
20/04/2024;26/04/2024;M.AZUL;159.65
20/04/2024;26/04/2024;UTE GNA I;194.95
20/04/2024;26/04/2024;NORTEFLU 3;225.93
20/04/2024;26/04/2024;ATLANTICO;242.67
20/04/2024;26/04/2024;ST.CRUZ 34;310.41
20/04/2024;26/04/2024;TERMORIO;405.24
20/04/2024;26/04/2024;CUBATAO;420.45
20/04/2024;26/04/2024;PIRAT.12 O;470.34
20/04/2024;26/04/2024;AUR.CHAVES;538.94
20/04/2024;26/04/2024;KARKEY 013;598.50
20/04/2024;26/04/2024;KARKEY 019;598.50
20/04/2024;26/04/2024;TRES LAGOA;608.05
20/04/2024;26/04/2024;NORTEFLU 4;689.30
20/04/2024;26/04/2024;PORSUD I;708.72
20/04/2024;26/04/2024;PORSUD II;710.74
20/04/2024;26/04/2024;FGASPARIAN;720.64
20/04/2024;26/04/2024;SEROPEDICA;748.13
20/04/2024;26/04/2024;JUIZ DE FO;781.88
20/04/2024;26/04/2024;MPPAULINIA;846.36
20/04/2024;26/04/2024;POVOACAO I;850.40
20/04/2024;26/04/2024;VIANA I;850.40
20/04/2024;26/04/2024;LORM_PCS;850.40
20/04/2024;26/04/2024;M.LAGO;929.05
20/04/2024;26/04/2024;VIANA;1050.63
20/04/2024;26/04/2024;W.ARJONA;1413.22
20/04/2024;26/04/2024;PALMEIR_GO;1729.62
20/04/2024;26/04/2024;TNORTE 2;2997.89
27/04/2024;03/05/2024;C. ROCHA;0.00
27/04/2024;03/05/2024;PONTA NEGR;0.00
27/04/2024;03/05/2024;JARAQUI;0.00
27/04/2024;03/05/2024;MANAUARA;0.00
27/04/2024;03/05/2024;TAMBAQUI;0.00
27/04/2024;03/05/2024;UTE MAUA 3;66.12
27/04/2024;03/05/2024;APARECIDA;66.12
27/04/2024;03/05/2024;MARANHAOIV;102.27
27/04/2024;03/05/2024;MARANHAO V;102.27
27/04/2024;03/05/2024;MARANHAO3;105.87
27/04/2024;03/05/2024;PARNAIB_IV;151.69
27/04/2024;03/05/2024;PARNAIBA_V;200.03
27/04/2024;03/05/2024;N.VENECIA2;286.88
27/04/2024;03/05/2024;P. ITAQUI;334.51
27/04/2024;03/05/2024;GERAMAR1;1050.61
27/04/2024;03/05/2024;GERAMAR2;1050.61
27/04/2024;03/05/2024;POTIGUAR_3;0.00
27/04/2024;03/05/2024;PETROLINA;0.00
27/04/2024;03/05/2024;POTIGUAR;0.00
27/04/2024;03/05/2024;ERB CANDEI;108.45
27/04/2024;03/05/2024;PROSPERIDA;204.55
27/04/2024;03/05/2024;PROSP_III;208.41
27/04/2024;03/05/2024;PROSP_II;232.86
27/04/2024;03/05/2024;TERMOPE;234.10
27/04/2024;03/05/2024;P.PECEM1;335.26
27/04/2024;03/05/2024;P.PECEM2;342.16
27/04/2024;03/05/2024;PSERGIPE I;358.26
27/04/2024;03/05/2024;C.FURTADO;425.98
27/04/2024;03/05/2024;JS_PEREIRA;450.86
27/04/2024;03/05/2024;TERMOCEARA;561.62
27/04/2024;03/05/2024;PERNAMBU_3;903.24
27/04/2024;03/05/2024;MARACANAU;1020.32
27/04/2024;03/05/2024;TERMOCABO;1037.81
27/04/2024;03/05/2024;TERMOPB;1042.78
27/04/2024;03/05/2024;TERMONE;1042.78
27/04/2024;03/05/2024;CAMPINA_GR;1050.65
27/04/2024;03/05/2024;SUAPE II;1070.34
27/04/2024;03/05/2024;GLOBAL II;1190.79
27/04/2024;03/05/2024;GLOBAL I;1190.79
27/04/2024;03/05/2024;PAMPA SUL;86.15
27/04/2024;03/05/2024;SAO SEPE;108.38
27/04/2024;03/05/2024;CANDIOTA_3;109.66
27/04/2024;03/05/2024;J.LACER. C;325.27
27/04/2024;03/05/2024;FIGUEIRA;330.64
27/04/2024;03/05/2024;J.LACER. B;378.90
27/04/2024;03/05/2024;J.LAC. A2;387.75
27/04/2024;03/05/2024;J.LAC. A1;453.14
27/04/2024;03/05/2024;B.BONITA I;742.99
27/04/2024;03/05/2024;S.TIARAJU;1111.14
27/04/2024;03/05/2024;URUGUAIANA;1182.86
27/04/2024;03/05/2024;ARAUCARIA;2305.34
27/04/2024;03/05/2024;ATLAN_CSA;0.00
27/04/2024;03/05/2024;DAIA;0.00
27/04/2024;03/05/2024;CUIABA CC;0.00
27/04/2024;03/05/2024;W.ARJONA O;0.00
27/04/2024;03/05/2024;XAVANTES;0.00
27/04/2024;03/05/2024;ANGRA 2;20.12
27/04/2024;03/05/2024;ANGRA 1;31.17
27/04/2024;03/05/2024;NORTEFLU 1;101.72
27/04/2024;03/05/2024;BAIXADA FL;104.98
27/04/2024;03/05/2024;SANTA CRUZ;107.56
27/04/2024;03/05/2024;NORTEFLU 2;118.14
27/04/2024;03/05/2024;O.PINTADA;138.91
27/04/2024;03/05/2024;UTE STA VI;150.06
27/04/2024;03/05/2024;LUIZORMELO;153.55
27/04/2024;03/05/2024;M.AZUL;159.65
27/04/2024;03/05/2024;UTE GNA I;194.95
27/04/2024;03/05/2024;NORTEFLU 3;226.18
27/04/2024;03/05/2024;ATLANTICO;244.51
27/04/2024;03/05/2024;ST.CRUZ 34;310.41
27/04/2024;03/05/2024;TERMORIO;405.69
27/04/2024;03/05/2024;CUBATAO;423.20
27/04/2024;03/05/2024;PIRAT.12 O;470.34
27/04/2024;03/05/2024;AUR.CHAVES;473.63
27/04/2024;03/05/2024;TRES LAGOA;574.68
27/04/2024;03/05/2024;KARKEY 019;598.50
27/04/2024;03/05/2024;KARKEY 013;598.50
27/04/2024;03/05/2024;JUIZ DE FO;667.34
27/04/2024;03/05/2024;NORTEFLU 4;701.66
27/04/2024;03/05/2024;PORSUD I;708.72
27/04/2024;03/05/2024;PORSUD II;710.74
27/04/2024;03/05/2024;SEROPEDICA;723.55
27/04/2024;03/05/2024;FGASPARIAN;753.46
27/04/2024;03/05/2024;MPPAULINIA;846.36
27/04/2024;03/05/2024;VIANA I;850.40
27/04/2024;03/05/2024;LORM_PCS;850.40
27/04/2024;03/05/2024;POVOACAO I;850.40
27/04/2024;03/05/2024;M.LAGO;929.71
27/04/2024;03/05/2024;VIANA;1050.63
27/04/2024;03/05/2024;W.ARJONA;1413.22
27/04/2024;03/05/2024;PALMEIR_GO;1730.02
27/04/2024;03/05/2024;TNORTE 2;2997.89
04/05/2024;10/05/2024;JARAQUI;0.00
04/05/2024;10/05/2024;PONTA NEGR;0.00
04/05/2024;10/05/2024;TAMBAQUI;0.00
04/05/2024;10/05/2024;MANAUARA;0.00
04/05/2024;10/05/2024;C. ROCHA;0.00
04/05/2024;10/05/2024;APARECIDA;66.12
04/05/2024;10/05/2024;UTE MAUA 3;66.12
04/05/2024;10/05/2024;MARANHAO V;102.27
04/05/2024;10/05/2024;MARANHAOIV;102.27
04/05/2024;10/05/2024;MARANHAO3;105.87
04/05/2024;10/05/2024;PARNAIB_IV;151.69
04/05/2024;10/05/2024;PARNAIBA_V;200.03
04/05/2024;10/05/2024;N.VENECIA2;286.88
04/05/2024;10/05/2024;P. ITAQUI;334.51
04/05/2024;10/05/2024;GERAMAR2;1050.61
04/05/2024;10/05/2024;GERAMAR1;1050.61
04/05/2024;10/05/2024;PETROLINA;0.00
04/05/2024;10/05/2024;POTIGUAR;0.00
04/05/2024;10/05/2024;POTIGUAR_3;0.00
04/05/2024;10/05/2024;ERB CANDEI;108.45
04/05/2024;10/05/2024;PROSPERIDA;204.55
04/05/2024;10/05/2024;PROSP_III;208.41
04/05/2024;10/05/2024;PROSP_II;232.86
04/05/2024;10/05/2024;TERMOPE;234.10
04/05/2024;10/05/2024;P.PECEM1;335.26
04/05/2024;10/05/2024;P.PECEM2;342.16
04/05/2024;10/05/2024;PSERGIPE I;358.26
04/05/2024;10/05/2024;C.FURTADO;425.98
04/05/2024;10/05/2024;JS_PEREIRA;450.86
04/05/2024;10/05/2024;TERMOCEARA;561.62
04/05/2024;10/05/2024;PERNAMBU_3;903.24
04/05/2024;10/05/2024;MARACANAU;1020.32
04/05/2024;10/05/2024;TERMOCABO;1037.81
04/05/2024;10/05/2024;TERMOPB;1042.78
04/05/2024;10/05/2024;TERMONE;1042.78
04/05/2024;10/05/2024;CAMPINA_GR;1050.65
04/05/2024;10/05/2024;SUAPE II;1070.34
04/05/2024;10/05/2024;GLOBAL II;1190.79
04/05/2024;10/05/2024;GLOBAL I;1190.79
04/05/2024;10/05/2024;ARAUCARIA;0.00
04/05/2024;10/05/2024;URUGUAIANA;0.00
04/05/2024;10/05/2024;PAMPA SUL;86.15
04/05/2024;10/05/2024;SAO SEPE;108.38
04/05/2024;10/05/2024;CANDIOTA_3;109.66
04/05/2024;10/05/2024;J.LACER. C;325.27
04/05/2024;10/05/2024;FIGUEIRA;330.64
04/05/2024;10/05/2024;J.LACER. B;378.90
04/05/2024;10/05/2024;J.LAC. A2;387.75
04/05/2024;10/05/2024;J.LAC. A1;453.14
04/05/2024;10/05/2024;B.BONITA I;742.99
04/05/2024;10/05/2024;S.TIARAJU;1111.14
04/05/2024;10/05/2024;W.ARJONA O;0.00
04/05/2024;10/05/2024;W.ARJONA;0.00
04/05/2024;10/05/2024;XAVANTES;0.00
04/05/2024;10/05/2024;CUIABA CC;0.00
04/05/2024;10/05/2024;ATLAN_CSA;0.00
04/05/2024;10/05/2024;TNORTE 2;0.00
04/05/2024;10/05/2024;DAIA;0.00
04/05/2024;10/05/2024;ANGRA 2;20.12
04/05/2024;10/05/2024;ANGRA 1;31.17
04/05/2024;10/05/2024;NORTEFLU 1;101.72
04/05/2024;10/05/2024;BAIXADA FL;104.98
04/05/2024;10/05/2024;SANTA CRUZ;107.56
04/05/2024;10/05/2024;NORTEFLU 2;118.14
04/05/2024;10/05/2024;O.PINTADA;138.91
04/05/2024;10/05/2024;UTE STA VI;150.06
04/05/2024;10/05/2024;LUIZORMELO;153.55
04/05/2024;10/05/2024;M.AZUL;159.65
04/05/2024;10/05/2024;UTE GNA I;194.95
04/05/2024;10/05/2024;NORTEFLU 3;226.18
04/05/2024;10/05/2024;ATLANTICO;244.51
04/05/2024;10/05/2024;ST.CRUZ 34;310.41
04/05/2024;10/05/2024;TERMORIO;405.69
04/05/2024;10/05/2024;CUBATAO;423.20
04/05/2024;10/05/2024;PIRAT.12 O;470.34
04/05/2024;10/05/2024;AUR.CHAVES;473.63
04/05/2024;10/05/2024;TRES LAGOA;574.68
04/05/2024;10/05/2024;KARKEY 013;598.50
04/05/2024;10/05/2024;KARKEY 019;598.50
04/05/2024;10/05/2024;JUIZ DE FO;667.34
04/05/2024;10/05/2024;NORTEFLU 4;701.66
04/05/2024;10/05/2024;PORSUD I;708.72
04/05/2024;10/05/2024;PORSUD II;710.74
04/05/2024;10/05/2024;SEROPEDICA;723.55
04/05/2024;10/05/2024;FGASPARIAN;753.46
04/05/2024;10/05/2024;MPPAULINIA;846.36
04/05/2024;10/05/2024;POVOACAO I;850.40
04/05/2024;10/05/2024;VIANA I;850.40
04/05/2024;10/05/2024;LORM_PCS;850.40
04/05/2024;10/05/2024;M.LAGO;929.71
04/05/2024;10/05/2024;VIANA;1050.63
04/05/2024;10/05/2024;PALMEIR_GO;1730.02
11/05/2024;17/05/2024;JARAQUI;0.00
11/05/2024;17/05/2024;TAMBAQUI;0.00
11/05/2024;17/05/2024;PONTA NEGR;0.00
11/05/2024;17/05/2024;MANAUARA;0.00
11/05/2024;17/05/2024;C. ROCHA;0.00
11/05/2024;17/05/2024;UTE MAUA 3;68.08
11/05/2024;17/05/2024;APARECIDA;68.08
11/05/2024;17/05/2024;MARANHAO3;105.87
11/05/2024;17/05/2024;MARANHAOIV;106.93
11/05/2024;17/05/2024;MARANHAO V;106.93
11/05/2024;17/05/2024;PARNAIB_IV;151.69
11/05/2024;17/05/2024;PARNAIBA_V;206.01
11/05/2024;17/05/2024;N.VENECIA2;286.88
11/05/2024;17/05/2024;P. ITAQUI;348.20
11/05/2024;17/05/2024;GERAMAR1;1125.46
11/05/2024;17/05/2024;GERAMAR2;1125.46
11/05/2024;17/05/2024;POTIGUAR;0.00
11/05/2024;17/05/2024;POTIGUAR_3;0.00
11/05/2024;17/05/2024;PETROLINA;0.00
11/05/2024;17/05/2024;ERB CANDEI;108.45
11/05/2024;17/05/2024;PROSPERIDA;204.55
11/05/2024;17/05/2024;PROSP_III;208.41
11/05/2024;17/05/2024;TERMOPE;234.10
11/05/2024;17/05/2024;PROSP_II;257.78
11/05/2024;17/05/2024;P.PECEM1;349.80
11/05/2024;17/05/2024;P.PECEM2;355.93
11/05/2024;17/05/2024;PSERGIPE I;385.38
11/05/2024;17/05/2024;JS_PEREIRA;450.86
11/05/2024;17/05/2024;C.FURTADO;460.16
11/05/2024;17/05/2024;TERMOCEARA;561.62
11/05/2024;17/05/2024;PERNAMBU_3;969.73
11/05/2024;17/05/2024;MARACANAU;1094.33
11/05/2024;17/05/2024;TERMOCABO;1111.70
11/05/2024;17/05/2024;TERMOPB;1116.11
11/05/2024;17/05/2024;TERMONE;1116.11
11/05/2024;17/05/2024;CAMPINA_GR;1125.50
11/05/2024;17/05/2024;SUAPE II;1149.78
11/05/2024;17/05/2024;GLOBAL II;1275.29
11/05/2024;17/05/2024;GLOBAL I;1275.29
11/05/2024;17/05/2024;URUGUAIANA;0.00
11/05/2024;17/05/2024;ARAUCARIA;0.00
11/05/2024;17/05/2024;PAMPA SUL;86.15
11/05/2024;17/05/2024;SAO SEPE;108.38
11/05/2024;17/05/2024;CANDIOTA_3;109.66
11/05/2024;17/05/2024;J.LACER. C;325.27
11/05/2024;17/05/2024;FIGUEIRA;330.64
11/05/2024;17/05/2024;J.LACER. B;378.90
11/05/2024;17/05/2024;J.LAC. A2;387.75
11/05/2024;17/05/2024;J.LAC. A1;453.14
11/05/2024;17/05/2024;B.BONITA I;742.99
11/05/2024;17/05/2024;S.TIARAJU;1115.39
11/05/2024;17/05/2024;W.ARJONA;0.00
11/05/2024;17/05/2024;W.ARJONA O;0.00
11/05/2024;17/05/2024;XAVANTES;0.00
11/05/2024;17/05/2024;CUIABA CC;0.00
11/05/2024;17/05/2024;ATLAN_CSA;0.00
11/05/2024;17/05/2024;DAIA;0.00
11/05/2024;17/05/2024;TNORTE 2;0.00
11/05/2024;17/05/2024;ANGRA 2;20.12
11/05/2024;17/05/2024;ANGRA 1;31.17
11/05/2024;17/05/2024;NORTEFLU 1;101.72
11/05/2024;17/05/2024;BAIXADA FL;110.10
11/05/2024;17/05/2024;SANTA CRUZ;112.73
11/05/2024;17/05/2024;NORTEFLU 2;118.14
11/05/2024;17/05/2024;O.PINTADA;138.91
11/05/2024;17/05/2024;UTE STA VI;150.06
11/05/2024;17/05/2024;LUIZORMELO;161.79
11/05/2024;17/05/2024;M.AZUL;173.40
11/05/2024;17/05/2024;UTE GNA I;205.29
11/05/2024;17/05/2024;NORTEFLU 3;226.18
11/05/2024;17/05/2024;ATLANTICO;244.51
11/05/2024;17/05/2024;ST.CRUZ 34;310.41
11/05/2024;17/05/2024;TERMORIO;405.69
11/05/2024;17/05/2024;CUBATAO;423.20
11/05/2024;17/05/2024;PIRAT.12 O;470.34
11/05/2024;17/05/2024;AUR.CHAVES;512.62
11/05/2024;17/05/2024;TRES LAGOA;622.21
11/05/2024;17/05/2024;KARKEY 013;672.37
11/05/2024;17/05/2024;KARKEY 019;672.37
11/05/2024;17/05/2024;NORTEFLU 4;701.66
11/05/2024;17/05/2024;JUIZ DE FO;721.64
11/05/2024;17/05/2024;SEROPEDICA;779.09
11/05/2024;17/05/2024;PORSUD I;793.09
11/05/2024;17/05/2024;PORSUD II;794.34
11/05/2024;17/05/2024;FGASPARIAN;818.29
11/05/2024;17/05/2024;M.LAGO;929.71
11/05/2024;17/05/2024;MPPAULINIA;954.39
11/05/2024;17/05/2024;POVOACAO I;963.90
11/05/2024;17/05/2024;VIANA I;963.90
11/05/2024;17/05/2024;LORM_PCS;963.90
11/05/2024;17/05/2024;VIANA;1125.48
11/05/2024;17/05/2024;PALMEIR_GO;1730.02
